[06Feb2025 14:10:44.678] [main/INFO] [cpw.mods.modlauncher.Launcher/MODLAUNCHER]: ModLauncher running: args [--launchTarget, forge_userdev_data, --assetIndex, 17, --assetsDir, C:\Users\pruse\.gradle\caches\forge_gradle\assets, --gameDir, ., --mod, travelersbackpack, --all, --output, D:\Modding Code\IntelliJ\1.21\Traveler's Backpack\src\generated\resources, --existing, D:\Modding Code\IntelliJ\1.21\Traveler's Backpack\src\main\resources]
[06Feb2025 14:10:44.681] [main/INFO] [cpw.mods.modlauncher.Launcher/MODLAUNCHER]: JVM identified as Oracle Corporation OpenJDK 64-Bit Server VM 21.0.2+13-58
[06Feb2025 14:10:44.684] [main/INFO] [cpw.mods.modlauncher.Launcher/MODLAUNCHER]: ModLauncher 10.2.2 starting: java version 21.0.2 by Oracle Corporation; OS Windows 11 arch amd64 version 10.0
[06Feb2025 14:10:44.703] [main/DEBUG] [cpw.mods.modlauncher.LaunchServiceHandler/MODLAUNCHER]: Found launch services [forge_userdev_client,forge_dev_data,minecraft,forge_userdev_server_gametest,forge_dev_client,forge_userdev_data,forge_dev_server_gametest,testharness,forge_userdev_server,forge_client,forge_dev_server,forge_server]
[06Feb2025 14:10:44.710] [main/DEBUG] [cpw.mods.modlauncher.NameMappingServiceHandler/MODLAUNCHER]: Found naming services : [srgtomcp]
[06Feb2025 14:10:44.727] [main/DEBUG] [cpw.mods.modlauncher.LaunchPluginHandler/MODLAUNCHER]: Found launch plugins: [mixin,eventbus,slf4jfixer,object_holder_definalize,runtime_enum_extender,capability_token_subclass,accesstransformer,runtimedistcleaner]
[06Feb2025 14:10:44.734] [main/DEBUG] [cpw.mods.modlauncher.TransformationServicesHandler/MODLAUNCHER]: Discovering transformation services
[06Feb2025 14:10:44.735] [main/DEBUG] [net.minecraftforge.fml.loading.FMLPaths/CORE]: Path GAMEDIR is D:\Modding Code\IntelliJ\1.21\Traveler's Backpack\run-data
[06Feb2025 14:10:44.735] [main/DEBUG] [net.minecraftforge.fml.loading.FMLPaths/CORE]: Path MODSDIR is D:\Modding Code\IntelliJ\1.21\Traveler's Backpack\run-data\mods
[06Feb2025 14:10:44.735] [main/DEBUG] [net.minecraftforge.fml.loading.FMLPaths/CORE]: Path CONFIGDIR is D:\Modding Code\IntelliJ\1.21\Traveler's Backpack\run-data\config
[06Feb2025 14:10:44.735] [main/DEBUG] [net.minecraftforge.fml.loading.FMLPaths/CORE]: Path FMLCONFIG is D:\Modding Code\IntelliJ\1.21\Traveler's Backpack\run-data\config\fml.toml
[06Feb2025 14:10:44.768] [main/INFO] [net.minecraftforge.fml.loading.ImmediateWindowHandler/]: ImmediateWindowProvider not loading because launch target is forge_userdev_data
[06Feb2025 14:10:44.800] [main/DEBUG] [cpw.mods.modlauncher.TransformationServicesHandler/MODLAUNCHER]: Found transformer service: fml: /
[06Feb2025 14:10:44.803] [main/DEBUG] [cpw.mods.modlauncher.TransformationServicesHandler/MODLAUNCHER]: Found transformer service: mixin: /
[06Feb2025 14:10:44.803] [main/DEBUG] [cpw.mods.modlauncher.TransformationServicesHandler/MODLAUNCHER]: Transformation services loading
[06Feb2025 14:10:44.803] [main/DEBUG] [cpw.mods.modlauncher.TransformationServiceDecorator/MODLAUNCHER]: Loading service mixin
[06Feb2025 14:10:44.803] [main/DEBUG] [cpw.mods.modlauncher.TransformationServiceDecorator/MODLAUNCHER]: Loaded service mixin
[06Feb2025 14:10:44.804] [main/DEBUG] [cpw.mods.modlauncher.TransformationServiceDecorator/MODLAUNCHER]: Loading service fml
[06Feb2025 14:10:44.814] [main/DEBUG] [net.minecraftforge.fml.loading.FMLLoader/CORE]: Detected version data : VersionInfo[forgeVersion=52.0.37, mcVersion=1.21.1, mcpVersion=20240808.132146, forgeGroup=net.minecraftforge]
[06Feb2025 14:10:44.815] [main/DEBUG] [net.minecraftforge.fml.loading.LauncherVersion/CORE]: Found FMLLauncher version 52.0.37
[06Feb2025 14:10:44.815] [main/DEBUG] [net.minecraftforge.fml.loading.FMLLoader/CORE]: FML 52.0.37 loading
[06Feb2025 14:10:44.816] [main/DEBUG] [net.minecraftforge.fml.loading.FMLLoader/CORE]: Requesting CoreMods to not apply the fix for ASMAPI.findFirstInstructionBefore by default
[06Feb2025 14:10:44.816] [main/DEBUG] [net.minecraftforge.fml.loading.FMLLoader/CORE]: Found ModLauncher version: 10.2.2
[06Feb2025 14:10:44.816] [main/DEBUG] [net.minecraftforge.fml.loading.FMLLoader/CORE]: Found AccessTransformer version: 8.2.0
[06Feb2025 14:10:44.817] [main/DEBUG] [net.minecraftforge.fml.loading.FMLLoader/CORE]: Found EventBus version: 6.2.8
[06Feb2025 14:10:44.817] [main/DEBUG] [net.minecraftforge.fml.loading.FMLLoader/CORE]: Found RuntimeDistCleaner version: 52.0.37
[06Feb2025 14:10:44.818] [main/DEBUG] [net.minecraftforge.coremod.CoreModEngine/]: CoreMods will preserve legacy behavior of ASMAPI.findFirstInstructionBefore for backwards-compatibility
[06Feb2025 14:10:44.818] [main/DEBUG] [net.minecraftforge.fml.loading.FMLLoader/CORE]: FML found CoreMod version : 5.2.4
[06Feb2025 14:10:44.819] [main/DEBUG] [net.minecraftforge.fml.loading.FMLLoader/CORE]: Found ForgeSPI version: 7.1.5
[06Feb2025 14:10:44.819] [main/DEBUG] [cpw.mods.modlauncher.TransformationServiceDecorator/MODLAUNCHER]: Loaded service fml
[06Feb2025 14:10:44.819] [main/DEBUG] [cpw.mods.modlauncher.TransformationServicesHandler/MODLAUNCHER]: Configuring option handling for services
[06Feb2025 14:10:44.824] [main/DEBUG] [cpw.mods.modlauncher.TransformationServicesHandler/MODLAUNCHER]: Transformation services initializing
[06Feb2025 14:10:44.824] [main/DEBUG] [cpw.mods.modlauncher.TransformationServiceDecorator/MODLAUNCHER]: Initializing transformation service mixin
[06Feb2025 14:10:44.854] [main/DEBUG] [mixin/]: MixinService [ModLauncher] was successfully booted in SecureModuleClassLoader[SECURE-BOOTSTRAP]@1740846921
[06Feb2025 14:10:44.871] [main/INFO] [mixin/]: SpongePowered MIXIN Subsystem Version=0.8.7 Source=jar:file:///C:/Users/pruse/.gradle/caches/modules-2/files-2.1/org.spongepowered/mixin/0.8.7/8ab114ac385e6dbdad5efafe28aba4df8120915f/mixin-0.8.7.jar!/ Service=ModLauncher Env=UNKNOWN
[06Feb2025 14:10:44.876] [main/DEBUG] [mixin/]: Initialising Mixin Platform Manager
[06Feb2025 14:10:44.876] [main/DEBUG] [mixin/]: Adding mixin platform agents for container ModLauncher Root Container(ModLauncher:4f56a0a2)
[06Feb2025 14:10:44.876] [main/DEBUG] [mixin/]: Instancing new MixinPlatformAgentMinecraftForge for ModLauncher Root Container(ModLauncher:4f56a0a2)
[06Feb2025 14:10:44.877] [main/DEBUG] [mixin/]: MixinPlatformAgentMinecraftForge rejected container ModLauncher Root Container(ModLauncher:4f56a0a2)
[06Feb2025 14:10:44.878] [main/DEBUG] [mixin/]: Instancing new MixinPlatformAgentDefault for ModLauncher Root Container(ModLauncher:4f56a0a2)
[06Feb2025 14:10:44.878] [main/DEBUG] [mixin/]: MixinPlatformAgentDefault accepted container ModLauncher Root Container(ModLauncher:4f56a0a2)
[06Feb2025 14:10:44.881] [main/DEBUG] [cpw.mods.modlauncher.TransformationServiceDecorator/MODLAUNCHER]: Initialized transformation service mixin
[06Feb2025 14:10:44.881] [main/DEBUG] [cpw.mods.modlauncher.TransformationServiceDecorator/MODLAUNCHER]: Initializing transformation service fml
[06Feb2025 14:10:44.881] [main/DEBUG] [net.minecraftforge.fml.loading.FMLServiceProvider/CORE]: Setting up basic FML game directories
[06Feb2025 14:10:44.882] [main/DEBUG] [net.minecraftforge.fml.loading.FMLPaths/CORE]: Path GAMEDIR is D:\Modding Code\IntelliJ\1.21\Traveler's Backpack\run-data
[06Feb2025 14:10:44.882] [main/DEBUG] [net.minecraftforge.fml.loading.FMLPaths/CORE]: Path MODSDIR is D:\Modding Code\IntelliJ\1.21\Traveler's Backpack\run-data\mods
[06Feb2025 14:10:44.882] [main/DEBUG] [net.minecraftforge.fml.loading.FMLPaths/CORE]: Path CONFIGDIR is D:\Modding Code\IntelliJ\1.21\Traveler's Backpack\run-data\config
[06Feb2025 14:10:44.882] [main/DEBUG] [net.minecraftforge.fml.loading.FMLPaths/CORE]: Path FMLCONFIG is D:\Modding Code\IntelliJ\1.21\Traveler's Backpack\run-data\config\fml.toml
[06Feb2025 14:10:44.882] [main/DEBUG] [net.minecraftforge.fml.loading.FMLServiceProvider/CORE]: Loading configuration
[06Feb2025 14:10:44.885] [main/DEBUG] [net.minecraftforge.fml.loading.FMLServiceProvider/CORE]: Preparing ModFile
[06Feb2025 14:10:44.888] [main/DEBUG] [net.minecraftforge.fml.loading.FMLServiceProvider/CORE]: Preparing launch handler
[06Feb2025 14:10:44.888] [main/DEBUG] [net.minecraftforge.fml.loading.FMLLoader/CORE]: Using forge_userdev_data as launch service
[06Feb2025 14:10:44.893] [main/DEBUG] [cpw.mods.modlauncher.TransformationServiceDecorator/MODLAUNCHER]: Initialized transformation service fml
[06Feb2025 14:10:44.893] [main/DEBUG] [cpw.mods.modlauncher.NameMappingServiceHandler/MODLAUNCHER]: Current naming domain is 'mcp'
[06Feb2025 14:10:44.893] [main/DEBUG] [cpw.mods.modlauncher.NameMappingServiceHandler/MODLAUNCHER]: Identified name mapping providers {srg=net.minecraftforge.fml.loading.MCPNamingService@53e3a87a}
[06Feb2025 14:10:44.893] [main/DEBUG] [cpw.mods.modlauncher.TransformationServicesHandler/MODLAUNCHER]: Transformation services begin scanning
[06Feb2025 14:10:44.895] [main/DEBUG] [cpw.mods.modlauncher.TransformationServiceDecorator/MODLAUNCHER]: Beginning scan trigger - transformation service mixin
[06Feb2025 14:10:44.895] [main/DEBUG] [cpw.mods.modlauncher.TransformationServiceDecorator/MODLAUNCHER]: End scan trigger - transformation service mixin
[06Feb2025 14:10:44.895] [main/DEBUG] [cpw.mods.modlauncher.TransformationServiceDecorator/MODLAUNCHER]: Beginning scan trigger - transformation service fml
[06Feb2025 14:10:44.896] [main/DEBUG] [net.minecraftforge.fml.loading.FMLServiceProvider/CORE]: Initiating mod scan
[06Feb2025 14:10:44.904] [main/DEBUG] [net.minecraftforge.fml.loading.moddiscovery.ModDiscoverer/CORE]: Found Mod Locators : (mods folder:null),(minecraft:null),(classpath:null),(forge_dev_locator:null),(forge_userdev_locator:null)
[06Feb2025 14:10:44.904] [main/DEBUG] [net.minecraftforge.fml.loading.moddiscovery.ModDiscoverer/CORE]: Found Dependency Locators : (JarInJar:null)
[06Feb2025 14:10:45.309] [main/DEBUG] [net.minecraftforge.fml.loading.moddiscovery.ModFileInfo/LOADING]: Found valid mod file  with {minecraft} mods - versions {1.21.1}
[06Feb2025 14:10:45.518] [main/DEBUG] [net.minecraftforge.fml.loading.moddiscovery.ModFileParser/LOADING]: Considering mod file candidate C:\Users\pruse\.gradle\caches\modules-2\files-2.1\mezz.jei\jei-1.21.1-forge\19.21.0.246\20a87115dc50d18d431bf1465367a6df4d56dcd9\jei-1.21.1-forge-19.21.0.246.jar
[06Feb2025 14:10:45.549] [main/DEBUG] [net.minecraftforge.fml.loading.moddiscovery.ModFileInfo/LOADING]: Found valid mod file jei-1.21.1-forge-19.21.0.246.jar with {jei} mods - versions {19.21.0.246}
[06Feb2025 14:10:45.563] [main/DEBUG] [net.minecraftforge.fml.loading.moddiscovery.ModFileParser/LOADING]: Considering mod file candidate C:\Users\pruse\.gradle\caches\modules-2\files-2.1\maven.modrinth\polymorph\B6z3k2Bi\2f7ba804d3c90b8e849669c8a0a39c5fac85d22c\polymorph-B6z3k2Bi.jar
[06Feb2025 14:10:45.565] [main/DEBUG] [net.minecraftforge.fml.loading.moddiscovery.ModFileInfo/LOADING]: Found valid mod file polymorph-B6z3k2Bi.jar with {polymorph} mods - versions {1.0.7+1.21.1}
[06Feb2025 14:10:45.570] [main/DEBUG] [net.minecraftforge.fml.loading.moddiscovery.ModFileParser/LOADING]: Considering mod file candidate C:\Users\pruse\.gradle\caches\modules-2\files-2.1\curse.maven\glitchcore-955399\5660738\c382eb4672d465a2d66f9315efd936c3b0e8550a\glitchcore-955399-5660738.jar
[06Feb2025 14:10:45.572] [main/DEBUG] [net.minecraftforge.fml.loading.moddiscovery.ModFileInfo/LOADING]: Found valid mod file glitchcore-955399-5660738.jar with {glitchcore} mods - versions {2.1.0.0}
[06Feb2025 14:10:45.609] [main/DEBUG] [net.minecraftforge.fml.loading.moddiscovery.ModFileParser/LOADING]: Considering mod file candidate D:\Modding Code\IntelliJ\1.21\Traveler's Backpack\build\sourcesSets\main
[06Feb2025 14:10:45.612] [main/DEBUG] [net.minecraftforge.fml.loading.moddiscovery.ModFileInfo/LOADING]: Found valid mod file main with {travelersbackpack} mods - versions {10.1.10}
[06Feb2025 14:10:45.619] [main/DEBUG] [net.minecraftforge.fml.loading.moddiscovery.ModFileParser/LOADING]: Considering mod file candidate C:\Users\pruse\.gradle\caches\modules-2\files-2.1\maven.modrinth\natures-compass\dAktoHul\6dae0fcdbd94fe597917edf96b03a27c188f96b2\natures-compass-dAktoHul.jar
[06Feb2025 14:10:45.620] [main/DEBUG] [net.minecraftforge.fml.loading.moddiscovery.ModFileInfo/LOADING]: Found valid mod file natures-compass-dAktoHul.jar with {naturescompass} mods - versions {1.21.1-1.11.7-forge}
[06Feb2025 14:10:45.635] [main/DEBUG] [net.minecraftforge.fml.loading.moddiscovery.ModFileParser/LOADING]: Considering mod file candidate C:\Users\pruse\.gradle\caches\modules-2\files-2.1\curse.maven\toughasnails-246391\5793456\d77335b32511fd7bdea2b3d66831aadf7cc31b33\toughasnails-246391-5793456.jar
[06Feb2025 14:10:45.635] [main/DEBUG] [net.minecraftforge.fml.loading.moddiscovery.ModFileInfo/LOADING]: Found valid mod file toughasnails-246391-5793456.jar with {toughasnails} mods - versions {10.1.0.12}
[06Feb2025 14:10:45.806] [main/DEBUG] [net.minecraftforge.fml.loading.moddiscovery.ModFileParser/LOADING]: Considering mod file candidate /
[06Feb2025 14:10:45.806] [main/DEBUG] [net.minecraftforge.fml.loading.moddiscovery.ModFileInfo/LOADING]: Found valid mod file  with {forge} mods - versions {52.0.37}
[06Feb2025 14:10:45.821] [main/DEBUG] [net.minecraftforge.fml.loading.moddiscovery.JarInJarDependencyLocator/]: Failed to load resource META-INF\jarjar\metadata.json from , it does not contain dependency information.
[06Feb2025 14:10:45.821] [main/DEBUG] [net.minecraftforge.fml.loading.moddiscovery.JarInJarDependencyLocator/]: Failed to load resource META-INF\jarjar\metadata.json from toughasnails-246391-5793456.jar, it does not contain dependency information.
[06Feb2025 14:10:45.821] [main/DEBUG] [net.minecraftforge.fml.loading.moddiscovery.JarInJarDependencyLocator/]: Failed to load resource META-INF\jarjar\metadata.json from glitchcore-955399-5660738.jar, it does not contain dependency information.
[06Feb2025 14:10:45.822] [main/DEBUG] [net.minecraftforge.fml.loading.moddiscovery.JarInJarDependencyLocator/]: Failed to load resource META-INF\jarjar\metadata.json from , it does not contain dependency information.
[06Feb2025 14:10:45.823] [main/DEBUG] [net.minecraftforge.fml.loading.moddiscovery.JarInJarDependencyLocator/]: Failed to load resource META-INF\jarjar\metadata.json from javafmllanguage-1.21.1-52.0.37.jar, it does not contain dependency information.
[06Feb2025 14:10:45.823] [main/DEBUG] [net.minecraftforge.fml.loading.moddiscovery.JarInJarDependencyLocator/]: Failed to load resource META-INF\jarjar\metadata.json from mclanguage-1.21.1-52.0.37.jar, it does not contain dependency information.
[06Feb2025 14:10:45.823] [main/DEBUG] [net.minecraftforge.fml.loading.moddiscovery.JarInJarDependencyLocator/]: Failed to load resource META-INF\jarjar\metadata.json from lowcodelanguage-1.21.1-52.0.37.jar, it does not contain dependency information.
[06Feb2025 14:10:45.823] [main/DEBUG] [net.minecraftforge.fml.loading.moddiscovery.JarInJarDependencyLocator/]: Failed to load resource META-INF\jarjar\metadata.json from polymorph-B6z3k2Bi.jar, it does not contain dependency information.
[06Feb2025 14:10:45.824] [main/DEBUG] [net.minecraftforge.fml.loading.moddiscovery.JarInJarDependencyLocator/]: Failed to load resource META-INF\jarjar\metadata.json from fmlcore-1.21.1-52.0.37.jar, it does not contain dependency information.
[06Feb2025 14:10:45.824] [main/DEBUG] [net.minecraftforge.fml.loading.moddiscovery.JarInJarDependencyLocator/]: Failed to load resource META-INF\jarjar\metadata.json from natures-compass-dAktoHul.jar, it does not contain dependency information.
[06Feb2025 14:10:45.824] [main/DEBUG] [net.minecraftforge.fml.loading.moddiscovery.JarInJarDependencyLocator/]: Failed to load resource META-INF\jarjar\metadata.json from main, it does not contain dependency information.
[06Feb2025 14:10:45.824] [main/DEBUG] [net.minecraftforge.fml.loading.moddiscovery.JarInJarDependencyLocator/]: Failed to load resource META-INF\jarjar\metadata.json from jei-1.21.1-forge-19.21.0.246.jar, it does not contain dependency information.
[06Feb2025 14:10:45.860] [main/INFO] [net.minecraftforge.fml.loading.moddiscovery.JarInJarDependencyLocator/]: No dependencies to load found. Skipping!
[06Feb2025 14:10:45.863] [main/DEBUG] [net.minecraftforge.fml.loading.moddiscovery.ModFileInfo/LOADING]: Found valid mod file  with {minecraft} mods - versions {1.21.1}
[06Feb2025 14:10:45.867] [main/DEBUG] [net.minecraftforge.fml.loading.moddiscovery.ModFile/LOADING]: Loading mod file / with languages [LanguageSpec[languageName=minecraft, acceptedVersions=1]]
[06Feb2025 14:10:45.867] [main/DEBUG] [net.minecraftforge.fml.loading.moddiscovery.ModFileParser/LOADING]: Considering mod file candidate C:\Users\pruse\.gradle\caches\modules-2\files-2.1\curse.maven\toughasnails-246391\5793456\d77335b32511fd7bdea2b3d66831aadf7cc31b33\toughasnails-246391-5793456.jar
[06Feb2025 14:10:45.869] [main/DEBUG] [net.minecraftforge.fml.loading.moddiscovery.ModFileInfo/LOADING]: Found valid mod file toughasnails-246391-5793456.jar with {toughasnails} mods - versions {10.1.0.12}
[06Feb2025 14:10:45.869] [main/DEBUG] [net.minecraftforge.fml.loading.moddiscovery.ModFile/LOADING]: Loading mod file C:\Users\pruse\.gradle\caches\modules-2\files-2.1\curse.maven\toughasnails-246391\5793456\d77335b32511fd7bdea2b3d66831aadf7cc31b33\toughasnails-246391-5793456.jar with languages [LanguageSpec[languageName=javafml, acceptedVersions=[52,)]]
[06Feb2025 14:10:45.869] [main/DEBUG] [net.minecraftforge.fml.loading.moddiscovery.ModFileParser/LOADING]: Considering mod file candidate C:\Users\pruse\.gradle\caches\modules-2\files-2.1\curse.maven\glitchcore-955399\5660738\c382eb4672d465a2d66f9315efd936c3b0e8550a\glitchcore-955399-5660738.jar
[06Feb2025 14:10:45.869] [main/DEBUG] [net.minecraftforge.fml.loading.moddiscovery.ModFileInfo/LOADING]: Found valid mod file glitchcore-955399-5660738.jar with {glitchcore} mods - versions {2.1.0.0}
[06Feb2025 14:10:45.869] [main/DEBUG] [net.minecraftforge.fml.loading.moddiscovery.ModFile/LOADING]: Loading mod file C:\Users\pruse\.gradle\caches\modules-2\files-2.1\curse.maven\glitchcore-955399\5660738\c382eb4672d465a2d66f9315efd936c3b0e8550a\glitchcore-955399-5660738.jar with languages [LanguageSpec[languageName=javafml, acceptedVersions=[52,)]]
[06Feb2025 14:10:45.870] [main/DEBUG] [net.minecraftforge.fml.loading.moddiscovery.ModFileParser/LOADING]: Considering mod file candidate /
[06Feb2025 14:10:45.870] [main/DEBUG] [net.minecraftforge.fml.loading.moddiscovery.ModFileInfo/LOADING]: Found valid mod file  with {forge} mods - versions {52.0.37}
[06Feb2025 14:10:45.870] [main/DEBUG] [net.minecraftforge.fml.loading.moddiscovery.ModFile/LOADING]: Loading mod file / with languages [LanguageSpec[languageName=javafml, acceptedVersions=[24,]]]
[06Feb2025 14:10:45.875] [main/DEBUG] [net.minecraftforge.fml.loading.moddiscovery.ModFileParser/LOADING]: Found coremod field_to_method with Javascript path coremods/field_to_method.js
[06Feb2025 14:10:45.875] [main/DEBUG] [net.minecraftforge.fml.loading.moddiscovery.ModFileParser/LOADING]: Found coremod method_redirector with Javascript path coremods/method_redirector.js
[06Feb2025 14:10:45.875] [main/DEBUG] [net.minecraftforge.fml.loading.moddiscovery.ModFile/LOADING]: Found coremod /coremods/field_to_method.js
[06Feb2025 14:10:45.875] [main/DEBUG] [net.minecraftforge.fml.loading.moddiscovery.ModFile/LOADING]: Found coremod /coremods/method_redirector.js
[06Feb2025 14:10:45.875] [main/DEBUG] [net.minecraftforge.fml.loading.moddiscovery.ModFileParser/LOADING]: Considering mod file candidate C:\Users\pruse\.gradle\caches\modules-2\files-2.1\maven.modrinth\polymorph\B6z3k2Bi\2f7ba804d3c90b8e849669c8a0a39c5fac85d22c\polymorph-B6z3k2Bi.jar
[06Feb2025 14:10:45.876] [main/DEBUG] [net.minecraftforge.fml.loading.moddiscovery.ModFileInfo/LOADING]: Found valid mod file polymorph-B6z3k2Bi.jar with {polymorph} mods - versions {1.0.7+1.21.1}
[06Feb2025 14:10:45.876] [main/DEBUG] [net.minecraftforge.fml.loading.moddiscovery.ModFile/LOADING]: Loading mod file C:\Users\pruse\.gradle\caches\modules-2\files-2.1\maven.modrinth\polymorph\B6z3k2Bi\2f7ba804d3c90b8e849669c8a0a39c5fac85d22c\polymorph-B6z3k2Bi.jar with languages [LanguageSpec[languageName=javafml, acceptedVersions=[1,)]]
[06Feb2025 14:10:45.876] [main/DEBUG] [net.minecraftforge.fml.loading.moddiscovery.ModFileParser/LOADING]: Considering mod file candidate C:\Users\pruse\.gradle\caches\modules-2\files-2.1\mezz.jei\jei-1.21.1-forge\19.21.0.246\20a87115dc50d18d431bf1465367a6df4d56dcd9\jei-1.21.1-forge-19.21.0.246.jar
[06Feb2025 14:10:45.878] [main/DEBUG] [net.minecraftforge.fml.loading.moddiscovery.ModFileInfo/LOADING]: Found valid mod file jei-1.21.1-forge-19.21.0.246.jar with {jei} mods - versions {19.21.0.246}
[06Feb2025 14:10:45.878] [main/DEBUG] [net.minecraftforge.fml.loading.moddiscovery.ModFile/LOADING]: Loading mod file C:\Users\pruse\.gradle\caches\modules-2\files-2.1\mezz.jei\jei-1.21.1-forge\19.21.0.246\20a87115dc50d18d431bf1465367a6df4d56dcd9\jei-1.21.1-forge-19.21.0.246.jar with languages [LanguageSpec[languageName=javafml, acceptedVersions=[51,)]]
[06Feb2025 14:10:45.878] [main/DEBUG] [net.minecraftforge.fml.loading.moddiscovery.ModFileParser/LOADING]: Considering mod file candidate D:\Modding Code\IntelliJ\1.21\Traveler's Backpack\build\sourcesSets\main
[06Feb2025 14:10:45.879] [main/DEBUG] [net.minecraftforge.fml.loading.moddiscovery.ModFileInfo/LOADING]: Found valid mod file main with {travelersbackpack} mods - versions {10.1.10}
[06Feb2025 14:10:45.879] [main/DEBUG] [net.minecraftforge.fml.loading.moddiscovery.ModFile/LOADING]: Loading mod file D:\Modding Code\IntelliJ\1.21\Traveler's Backpack\build\sourcesSets\main with languages [LanguageSpec[languageName=javafml, acceptedVersions=[51,)]]
[06Feb2025 14:10:45.879] [main/DEBUG] [net.minecraftforge.fml.loading.moddiscovery.ModFileParser/LOADING]: Considering mod file candidate C:\Users\pruse\.gradle\caches\modules-2\files-2.1\maven.modrinth\natures-compass\dAktoHul\6dae0fcdbd94fe597917edf96b03a27c188f96b2\natures-compass-dAktoHul.jar
[06Feb2025 14:10:45.880] [main/DEBUG] [net.minecraftforge.fml.loading.moddiscovery.ModFileInfo/LOADING]: Found valid mod file natures-compass-dAktoHul.jar with {naturescompass} mods - versions {1.21.1-1.11.7-forge}
[06Feb2025 14:10:45.880] [main/DEBUG] [net.minecraftforge.fml.loading.moddiscovery.ModFile/LOADING]: Loading mod file C:\Users\pruse\.gradle\caches\modules-2\files-2.1\maven.modrinth\natures-compass\dAktoHul\6dae0fcdbd94fe597917edf96b03a27c188f96b2\natures-compass-dAktoHul.jar with languages [LanguageSpec[languageName=javafml, acceptedVersions=[52,)]]
[06Feb2025 14:10:45.882] [main/DEBUG] [cpw.mods.modlauncher.TransformationServiceDecorator/MODLAUNCHER]: End scan trigger - transformation service fml
[06Feb2025 14:10:45.897] [main/DEBUG] [net.minecraftforge.fml.loading.LanguageLoadingProvider/CORE]: Found 3 language providers
[06Feb2025 14:10:45.898] [main/DEBUG] [net.minecraftforge.fml.loading.LanguageLoadingProvider/CORE]: Found language provider lowcodefml, version 52
[06Feb2025 14:10:45.898] [main/DEBUG] [net.minecraftforge.fml.loading.LanguageLoadingProvider/CORE]: Found language provider minecraft, version 1.0
[06Feb2025 14:10:45.898] [main/DEBUG] [net.minecraftforge.fml.loading.LanguageLoadingProvider/CORE]: Found language provider javafml, version 52.0.37
[06Feb2025 14:10:45.899] [main/DEBUG] [net.minecraftforge.fml.loading.ModSorter/]: Configured system mods: [minecraft, forge]
[06Feb2025 14:10:45.900] [main/DEBUG] [net.minecraftforge.fml.loading.ModSorter/]: Found system mod: minecraft
[06Feb2025 14:10:45.900] [main/DEBUG] [net.minecraftforge.fml.loading.ModSorter/]: Found system mod: forge
[06Feb2025 14:10:45.955] [main/DEBUG] [net.minecraftforge.fml.loading.ModSorter/LOADING]: Found 12 mod requirements (11 mandatory, 1 optional)
[06Feb2025 14:10:45.959] [main/DEBUG] [net.minecraftforge.fml.loading.ModSorter/LOADING]: Found 0 mod requirements missing (0 mandatory, 0 optional)
[06Feb2025 14:10:46.189] [main/DEBUG] [net.minecraftforge.fml.loading.MCPNamingService/CORE]: Loaded 39712 method mappings from methods.csv
[06Feb2025 14:10:46.211] [main/DEBUG] [net.minecraftforge.fml.loading.MCPNamingService/CORE]: Loaded 35630 field mappings from fields.csv
[06Feb2025 14:10:46.242] [main/DEBUG] [cpw.mods.modlauncher.TransformationServicesHandler/MODLAUNCHER]: Transformation services loading transformers
[06Feb2025 14:10:46.242] [main/DEBUG] [cpw.mods.modlauncher.TransformationServiceDecorator/MODLAUNCHER]: Initializing transformers for transformation service mixin
[06Feb2025 14:10:46.244] [main/DEBUG] [cpw.mods.modlauncher.TransformationServiceDecorator/MODLAUNCHER]: Initialized transformers for transformation service mixin
[06Feb2025 14:10:46.244] [main/DEBUG] [cpw.mods.modlauncher.TransformationServiceDecorator/MODLAUNCHER]: Initializing transformers for transformation service fml
[06Feb2025 14:10:46.244] [main/DEBUG] [net.minecraftforge.fml.loading.FMLServiceProvider/CORE]: Loading coremod transformers
[06Feb2025 14:10:46.244] [main/DEBUG] [net.minecraftforge.coremod.CoreModEngine/COREMOD]: Loading CoreMod from /coremods/field_to_method.js
[06Feb2025 14:10:46.487] [main/DEBUG] [net.minecraftforge.coremod.CoreModEngine/COREMOD]: CoreMod loaded successfully
[06Feb2025 14:10:46.487] [main/DEBUG] [net.minecraftforge.coremod.CoreModEngine/COREMOD]: Loading CoreMod from /coremods/method_redirector.js
[06Feb2025 14:10:46.636] [main/DEBUG] [net.minecraftforge.coremod.CoreModEngine/COREMOD]: CoreMod loaded successfully
[06Feb2025 14:10:46.648] [main/DEBUG] [cpw.mods.modlauncher.TransformStore/MODLAUNCHER]: Adding transformer net.minecraftforge.coremod.transformer.CoreModClassTransformer@9f86dc3 to Target : CLASS {Lnet/minecraft/world/level/biome/Biome;} {} {V}
[06Feb2025 14:10:46.651] [main/DEBUG] [cpw.mods.modlauncher.TransformStore/MODLAUNCHER]: Adding transformer net.minecraftforge.coremod.transformer.CoreModClassTransformer@3b98b809 to Target : CLASS {Lnet/minecraft/world/effect/MobEffectInstance;} {} {V}
[06Feb2025 14:10:46.651] [main/DEBUG] [cpw.mods.modlauncher.TransformStore/MODLAUNCHER]: Adding transformer net.minecraftforge.coremod.transformer.CoreModClassTransformer@bf75b5c to Target : CLASS {Lnet/minecraft/world/level/block/LiquidBlock;} {} {V}
[06Feb2025 14:10:46.651] [main/DEBUG] [cpw.mods.modlauncher.TransformStore/MODLAUNCHER]: Adding transformer net.minecraftforge.coremod.transformer.CoreModClassTransformer@16da476c to Target : CLASS {Lnet/minecraft/world/item/BucketItem;} {} {V}
[06Feb2025 14:10:46.651] [main/DEBUG] [cpw.mods.modlauncher.TransformStore/MODLAUNCHER]: Adding transformer net.minecraftforge.coremod.transformer.CoreModClassTransformer@2fd72332 to Target : CLASS {Lnet/minecraft/world/level/block/FlowerPotBlock;} {} {V}
[06Feb2025 14:10:46.651] [main/DEBUG] [cpw.mods.modlauncher.TransformStore/MODLAUNCHER]: Adding transformer net.minecraftforge.coremod.transformer.CoreModClassTransformer@51f18e31 to Target : CLASS {Lnet/minecraft/world/entity/monster/Spider;} {} {V}
[06Feb2025 14:10:46.651] [main/DEBUG] [cpw.mods.modlauncher.TransformStore/MODLAUNCHER]: Adding transformer net.minecraftforge.coremod.transformer.CoreModClassTransformer@51f18e31 to Target : CLASS {Lnet/minecraft/world/level/block/entity/trialspawner/TrialSpawner;} {} {V}
[06Feb2025 14:10:46.651] [main/DEBUG] [cpw.mods.modlauncher.TransformStore/MODLAUNCHER]: Adding transformer net.minecraftforge.coremod.transformer.CoreModClassTransformer@51f18e31 to Target : CLASS {Lnet/minecraft/world/level/levelgen/structure/structures/SwampHutPiece;} {} {V}
[06Feb2025 14:10:46.651] [main/DEBUG] [cpw.mods.modlauncher.TransformStore/MODLAUNCHER]: Adding transformer net.minecraftforge.coremod.transformer.CoreModClassTransformer@51f18e31 to Target : CLASS {Lnet/minecraft/world/entity/animal/frog/Tadpole;} {} {V}
[06Feb2025 14:10:46.651] [main/DEBUG] [cpw.mods.modlauncher.TransformStore/MODLAUNCHER]: Adding transformer net.minecraftforge.coremod.transformer.CoreModClassTransformer@51f18e31 to Target : CLASS {Lnet/minecraft/world/entity/animal/horse/SkeletonTrapGoal;} {} {V}
[06Feb2025 14:10:46.651] [main/DEBUG] [cpw.mods.modlauncher.TransformStore/MODLAUNCHER]: Adding transformer net.minecraftforge.coremod.transformer.CoreModClassTransformer@51f18e31 to Target : CLASS {Lnet/minecraft/world/entity/monster/Evoker$EvokerSummonSpellGoal;} {} {V}
[06Feb2025 14:10:46.651] [main/DEBUG] [cpw.mods.modlauncher.TransformStore/MODLAUNCHER]: Adding transformer net.minecraftforge.coremod.transformer.CoreModClassTransformer@51f18e31 to Target : CLASS {Lnet/minecraft/world/entity/monster/ZombieVillager;} {} {V}
[06Feb2025 14:10:46.651] [main/DEBUG] [cpw.mods.modlauncher.TransformStore/MODLAUNCHER]: Adding transformer net.minecraftforge.coremod.transformer.CoreModClassTransformer@51f18e31 to Target : CLASS {Lnet/minecraft/world/entity/npc/Villager;} {} {V}
[06Feb2025 14:10:46.651] [main/DEBUG] [cpw.mods.modlauncher.TransformStore/MODLAUNCHER]: Adding transformer net.minecraftforge.coremod.transformer.CoreModClassTransformer@51f18e31 to Target : CLASS {Lnet/minecraft/world/level/levelgen/PhantomSpawner;} {} {V}
[06Feb2025 14:10:46.652] [main/DEBUG] [cpw.mods.modlauncher.TransformStore/MODLAUNCHER]: Adding transformer net.minecraftforge.coremod.transformer.CoreModClassTransformer@51f18e31 to Target : CLASS {Lnet/minecraft/world/entity/EntityType;} {} {V}
[06Feb2025 14:10:46.652] [main/DEBUG] [cpw.mods.modlauncher.TransformStore/MODLAUNCHER]: Adding transformer net.minecraftforge.coremod.transformer.CoreModClassTransformer@51f18e31 to Target : CLASS {Lnet/minecraft/world/level/NaturalSpawner;} {} {V}
[06Feb2025 14:10:46.652] [main/DEBUG] [cpw.mods.modlauncher.TransformStore/MODLAUNCHER]: Adding transformer net.minecraftforge.coremod.transformer.CoreModClassTransformer@51f18e31 to Target : CLASS {Lnet/minecraft/world/level/levelgen/structure/structures/OceanMonumentPieces$OceanMonumentPiece;} {} {V}
[06Feb2025 14:10:46.652] [main/DEBUG] [cpw.mods.modlauncher.TransformStore/MODLAUNCHER]: Adding transformer net.minecraftforge.coremod.transformer.CoreModClassTransformer@51f18e31 to Target : CLASS {Lnet/minecraft/world/level/levelgen/structure/templatesystem/StructureTemplate;} {} {V}
[06Feb2025 14:10:46.652] [main/DEBUG] [cpw.mods.modlauncher.TransformStore/MODLAUNCHER]: Adding transformer net.minecraftforge.coremod.transformer.CoreModClassTransformer@51f18e31 to Target : CLASS {Lnet/minecraft/world/entity/ai/village/VillageSiege;} {} {V}
[06Feb2025 14:10:46.652] [main/DEBUG] [cpw.mods.modlauncher.TransformStore/MODLAUNCHER]: Adding transformer net.minecraftforge.coremod.transformer.CoreModClassTransformer@51f18e31 to Target : CLASS {Lnet/minecraft/world/entity/monster/Zombie;} {} {V}
[06Feb2025 14:10:46.652] [main/DEBUG] [cpw.mods.modlauncher.TransformStore/MODLAUNCHER]: Adding transformer net.minecraftforge.coremod.transformer.CoreModClassTransformer@51f18e31 to Target : CLASS {Lnet/minecraft/world/level/levelgen/structure/structures/WoodlandMansionPieces$WoodlandMansionPiece;} {} {V}
[06Feb2025 14:10:46.652] [main/DEBUG] [cpw.mods.modlauncher.TransformStore/MODLAUNCHER]: Adding transformer net.minecraftforge.coremod.transformer.CoreModClassTransformer@51f18e31 to Target : CLASS {Lnet/minecraft/world/entity/monster/Strider;} {} {V}
[06Feb2025 14:10:46.652] [main/DEBUG] [cpw.mods.modlauncher.TransformStore/MODLAUNCHER]: Adding transformer net.minecraftforge.coremod.transformer.CoreModClassTransformer@51f18e31 to Target : CLASS {Lnet/minecraft/world/entity/raid/Raid;} {} {V}
[06Feb2025 14:10:46.652] [main/DEBUG] [cpw.mods.modlauncher.TransformStore/MODLAUNCHER]: Adding transformer net.minecraftforge.coremod.transformer.CoreModClassTransformer@51f18e31 to Target : CLASS {Lnet/minecraft/world/entity/npc/CatSpawner;} {} {V}
[06Feb2025 14:10:46.652] [main/DEBUG] [cpw.mods.modlauncher.TransformStore/MODLAUNCHER]: Adding transformer net.minecraftforge.coremod.transformer.CoreModClassTransformer@51f18e31 to Target : CLASS {Lnet/minecraft/world/level/levelgen/structure/structures/OceanRuinPieces$OceanRuinPiece;} {} {V}
[06Feb2025 14:10:46.653] [main/DEBUG] [cpw.mods.modlauncher.TransformStore/MODLAUNCHER]: Adding transformer net.minecraftforge.coremod.transformer.CoreModClassTransformer@51f18e31 to Target : CLASS {Lnet/minecraft/world/level/levelgen/PatrolSpawner;} {} {V}
[06Feb2025 14:10:46.653] [main/DEBUG] [cpw.mods.modlauncher.TransformStore/MODLAUNCHER]: Adding transformer net.minecraftforge.coremod.transformer.CoreModClassTransformer@51f18e31 to Target : CLASS {Lnet/minecraft/server/commands/RaidCommand;} {} {V}
[06Feb2025 14:10:46.654] [main/DEBUG] [cpw.mods.modlauncher.TransformStore/MODLAUNCHER]: Adding transformer net.minecraftforge.coremod.transformer.CoreModClassTransformer@51f18e31 to Target : CLASS {Lnet/minecraft/server/commands/SummonCommand;} {} {V}
[06Feb2025 14:10:46.654] [main/DEBUG] [cpw.mods.modlauncher.TransformationServiceDecorator/MODLAUNCHER]: Initialized transformers for transformation service fml
[06Feb2025 14:10:46.705] [main/DEBUG] [mixin/]: Processing prepare() for PlatformAgent[MixinPlatformAgentDefault:ModLauncher Root Container(ModLauncher:4f56a0a2)]
[06Feb2025 14:10:46.705] [main/DEBUG] [mixin/]: Processing launch tasks for PlatformAgent[MixinPlatformAgentDefault:ModLauncher Root Container(ModLauncher:4f56a0a2)]
[06Feb2025 14:10:46.705] [main/DEBUG] [mixin/]: Adding mixin platform agents for container SecureJarResource(mixin.synthetic)
[06Feb2025 14:10:46.705] [main/DEBUG] [mixin/]: Instancing new MixinPlatformAgentMinecraftForge for SecureJarResource(mixin.synthetic)
[06Feb2025 14:10:46.705] [main/DEBUG] [mixin/]: MixinPlatformAgentMinecraftForge rejected container SecureJarResource(mixin.synthetic)
[06Feb2025 14:10:46.705] [main/DEBUG] [mixin/]: Instancing new MixinPlatformAgentDefault for SecureJarResource(mixin.synthetic)
[06Feb2025 14:10:46.705] [main/DEBUG] [mixin/]: MixinPlatformAgentDefault accepted container SecureJarResource(mixin.synthetic)
[06Feb2025 14:10:46.705] [main/DEBUG] [mixin/]: Processing prepare() for PlatformAgent[MixinPlatformAgentDefault:SecureJarResource(mixin.synthetic)]
[06Feb2025 14:10:46.705] [main/DEBUG] [mixin/]: Adding mixin platform agents for container SecureJarResource(minecraft)
[06Feb2025 14:10:46.705] [main/DEBUG] [mixin/]: Instancing new MixinPlatformAgentMinecraftForge for SecureJarResource(minecraft)
[06Feb2025 14:10:46.705] [main/DEBUG] [mixin/]: MixinPlatformAgentMinecraftForge rejected container SecureJarResource(minecraft)
[06Feb2025 14:10:46.705] [main/DEBUG] [mixin/]: Instancing new MixinPlatformAgentDefault for SecureJarResource(minecraft)
[06Feb2025 14:10:46.705] [main/DEBUG] [mixin/]: MixinPlatformAgentDefault accepted container SecureJarResource(minecraft)
[06Feb2025 14:10:46.705] [main/DEBUG] [mixin/]: Processing prepare() for PlatformAgent[MixinPlatformAgentDefault:SecureJarResource(minecraft)]
[06Feb2025 14:10:46.705] [main/DEBUG] [mixin/]: Adding mixin platform agents for container SecureJarResource(glitchcore)
[06Feb2025 14:10:46.705] [main/DEBUG] [mixin/]: Instancing new MixinPlatformAgentMinecraftForge for SecureJarResource(glitchcore)
[06Feb2025 14:10:46.705] [main/DEBUG] [mixin/]: MixinPlatformAgentMinecraftForge rejected container SecureJarResource(glitchcore)
[06Feb2025 14:10:46.705] [main/DEBUG] [mixin/]: Instancing new MixinPlatformAgentDefault for SecureJarResource(glitchcore)
[06Feb2025 14:10:46.705] [main/DEBUG] [mixin/]: MixinPlatformAgentDefault accepted container SecureJarResource(glitchcore)
[06Feb2025 14:10:46.707] [main/DEBUG] [mixin/]: Processing prepare() for PlatformAgent[MixinPlatformAgentDefault:SecureJarResource(glitchcore)]
[06Feb2025 14:10:46.707] [main/DEBUG] [mixin/]: Registering mixin config: glitchcore.mixins.json source=SecureJarResource(glitchcore)
[06Feb2025 14:10:46.721] [main/DEBUG] [mixin/]: Compatibility level JAVA_17 specified by glitchcore.mixins.json is higher than the maximum level supported by this version of mixin (JAVA_13).
[06Feb2025 14:10:46.726] [main/INFO] [mixin/]: Compatibility level set to JAVA_17
[06Feb2025 14:10:46.726] [main/DEBUG] [mixin/]: Registering mixin config: glitchcore.forge.mixins.json source=SecureJarResource(glitchcore)
[06Feb2025 14:10:46.728] [main/DEBUG] [mixin/]: Adding mixin platform agents for container SecureJarResource(toughasnails)
[06Feb2025 14:10:46.728] [main/DEBUG] [mixin/]: Instancing new MixinPlatformAgentMinecraftForge for SecureJarResource(toughasnails)
[06Feb2025 14:10:46.728] [main/DEBUG] [mixin/]: MixinPlatformAgentMinecraftForge rejected container SecureJarResource(toughasnails)
[06Feb2025 14:10:46.728] [main/DEBUG] [mixin/]: Instancing new MixinPlatformAgentDefault for SecureJarResource(toughasnails)
[06Feb2025 14:10:46.729] [main/DEBUG] [mixin/]: MixinPlatformAgentDefault accepted container SecureJarResource(toughasnails)
[06Feb2025 14:10:46.729] [main/DEBUG] [mixin/]: Processing prepare() for PlatformAgent[MixinPlatformAgentDefault:SecureJarResource(toughasnails)]
[06Feb2025 14:10:46.729] [main/DEBUG] [mixin/]: Registering mixin config: toughasnails.mixins.json source=SecureJarResource(toughasnails)
[06Feb2025 14:10:46.730] [main/DEBUG] [mixin/]: Registering mixin config: toughasnails.forge.mixins.json source=SecureJarResource(toughasnails)
[06Feb2025 14:10:46.731] [main/DEBUG] [mixin/]: Adding mixin platform agents for container SecureJarResource(net.minecraftforge.forge)
[06Feb2025 14:10:46.732] [main/DEBUG] [mixin/]: Instancing new MixinPlatformAgentMinecraftForge for SecureJarResource(net.minecraftforge.forge)
[06Feb2025 14:10:46.732] [main/DEBUG] [mixin/]: MixinPlatformAgentMinecraftForge rejected container SecureJarResource(net.minecraftforge.forge)
[06Feb2025 14:10:46.732] [main/DEBUG] [mixin/]: Instancing new MixinPlatformAgentDefault for SecureJarResource(net.minecraftforge.forge)
[06Feb2025 14:10:46.732] [main/DEBUG] [mixin/]: MixinPlatformAgentDefault accepted container SecureJarResource(net.minecraftforge.forge)
[06Feb2025 14:10:46.732] [main/DEBUG] [mixin/]: Processing prepare() for PlatformAgent[MixinPlatformAgentDefault:SecureJarResource(net.minecraftforge.forge)]
[06Feb2025 14:10:46.732] [main/DEBUG] [mixin/]: Adding mixin platform agents for container SecureJarResource(polymorph)
[06Feb2025 14:10:46.732] [main/DEBUG] [mixin/]: Instancing new MixinPlatformAgentMinecraftForge for SecureJarResource(polymorph)
[06Feb2025 14:10:46.732] [main/DEBUG] [mixin/]: MixinPlatformAgentMinecraftForge rejected container SecureJarResource(polymorph)
[06Feb2025 14:10:46.732] [main/DEBUG] [mixin/]: Instancing new MixinPlatformAgentDefault for SecureJarResource(polymorph)
[06Feb2025 14:10:46.732] [main/DEBUG] [mixin/]: MixinPlatformAgentDefault accepted container SecureJarResource(polymorph)
[06Feb2025 14:10:46.732] [main/DEBUG] [mixin/]: Processing prepare() for PlatformAgent[MixinPlatformAgentDefault:SecureJarResource(polymorph)]
[06Feb2025 14:10:46.732] [main/DEBUG] [mixin/]: Registering mixin config: polymorph.mixins.json source=SecureJarResource(polymorph)
[06Feb2025 14:10:46.734] [main/DEBUG] [mixin/]: Registering mixin config: polymorph-compatibility.mixins.json source=SecureJarResource(polymorph)
[06Feb2025 14:10:46.735] [main/DEBUG] [mixin/]: Compatibility level JAVA_16 specified by polymorph-compatibility.mixins.json is higher than the maximum level supported by this version of mixin (JAVA_13).
[06Feb2025 14:10:46.736] [main/DEBUG] [mixin/]: Adding mixin platform agents for container SecureJarResource(naturescompass)
[06Feb2025 14:10:46.736] [main/DEBUG] [mixin/]: Instancing new MixinPlatformAgentMinecraftForge for SecureJarResource(naturescompass)
[06Feb2025 14:10:46.736] [main/DEBUG] [mixin/]: MixinPlatformAgentMinecraftForge rejected container SecureJarResource(naturescompass)
[06Feb2025 14:10:46.736] [main/DEBUG] [mixin/]: Instancing new MixinPlatformAgentDefault for SecureJarResource(naturescompass)
[06Feb2025 14:10:46.736] [main/DEBUG] [mixin/]: MixinPlatformAgentDefault accepted container SecureJarResource(naturescompass)
[06Feb2025 14:10:46.736] [main/DEBUG] [mixin/]: Processing prepare() for PlatformAgent[MixinPlatformAgentDefault:SecureJarResource(naturescompass)]
[06Feb2025 14:10:46.736] [main/DEBUG] [mixin/]: Adding mixin platform agents for container SecureJarResource(travelersbackpack)
[06Feb2025 14:10:46.736] [main/DEBUG] [mixin/]: Instancing new MixinPlatformAgentMinecraftForge for SecureJarResource(travelersbackpack)
[06Feb2025 14:10:46.736] [main/DEBUG] [mixin/]: MixinPlatformAgentMinecraftForge rejected container SecureJarResource(travelersbackpack)
[06Feb2025 14:10:46.736] [main/DEBUG] [mixin/]: Instancing new MixinPlatformAgentDefault for SecureJarResource(travelersbackpack)
[06Feb2025 14:10:46.736] [main/DEBUG] [mixin/]: MixinPlatformAgentDefault accepted container SecureJarResource(travelersbackpack)
[06Feb2025 14:10:46.736] [main/DEBUG] [mixin/]: Processing prepare() for PlatformAgent[MixinPlatformAgentDefault:SecureJarResource(travelersbackpack)]
[06Feb2025 14:10:46.738] [main/DEBUG] [mixin/]: Adding mixin platform agents for container SecureJarResource(jei)
[06Feb2025 14:10:46.738] [main/DEBUG] [mixin/]: Instancing new MixinPlatformAgentMinecraftForge for SecureJarResource(jei)
[06Feb2025 14:10:46.738] [main/DEBUG] [mixin/]: MixinPlatformAgentMinecraftForge rejected container SecureJarResource(jei)
[06Feb2025 14:10:46.738] [main/DEBUG] [mixin/]: Instancing new MixinPlatformAgentDefault for SecureJarResource(jei)
[06Feb2025 14:10:46.738] [main/DEBUG] [mixin/]: MixinPlatformAgentDefault accepted container SecureJarResource(jei)
[06Feb2025 14:10:46.738] [main/DEBUG] [mixin/]: Processing prepare() for PlatformAgent[MixinPlatformAgentDefault:SecureJarResource(jei)]
[06Feb2025 14:10:46.738] [main/DEBUG] [mixin/]: inject() running with 10 agents
[06Feb2025 14:10:46.738] [main/DEBUG] [mixin/]: Processing inject() for PlatformAgent[MixinPlatformAgentDefault:ModLauncher Root Container(ModLauncher:4f56a0a2)]
[06Feb2025 14:10:46.738] [main/DEBUG] [mixin/]: Processing inject() for PlatformAgent[MixinPlatformAgentDefault:SecureJarResource(mixin.synthetic)]
[06Feb2025 14:10:46.738] [main/DEBUG] [mixin/]: Processing inject() for PlatformAgent[MixinPlatformAgentDefault:SecureJarResource(minecraft)]
[06Feb2025 14:10:46.738] [main/DEBUG] [mixin/]: Processing inject() for PlatformAgent[MixinPlatformAgentDefault:SecureJarResource(glitchcore)]
[06Feb2025 14:10:46.738] [main/DEBUG] [mixin/]: Processing inject() for PlatformAgent[MixinPlatformAgentDefault:SecureJarResource(toughasnails)]
[06Feb2025 14:10:46.738] [main/DEBUG] [mixin/]: Processing inject() for PlatformAgent[MixinPlatformAgentDefault:SecureJarResource(net.minecraftforge.forge)]
[06Feb2025 14:10:46.738] [main/DEBUG] [mixin/]: Processing inject() for PlatformAgent[MixinPlatformAgentDefault:SecureJarResource(polymorph)]
[06Feb2025 14:10:46.738] [main/DEBUG] [mixin/]: Processing inject() for PlatformAgent[MixinPlatformAgentDefault:SecureJarResource(naturescompass)]
[06Feb2025 14:10:46.738] [main/DEBUG] [mixin/]: Processing inject() for PlatformAgent[MixinPlatformAgentDefault:SecureJarResource(travelersbackpack)]
[06Feb2025 14:10:46.738] [main/DEBUG] [mixin/]: Processing inject() for PlatformAgent[MixinPlatformAgentDefault:SecureJarResource(jei)]
[06Feb2025 14:10:46.738] [main/INFO] [cpw.mods.modlauncher.LaunchServiceHandler/MODLAUNCHER]: Launching target 'forge_userdev_data' with arguments [--gameDir, ., --assetsDir, C:\Users\pruse\.gradle\caches\forge_gradle\assets, --assetIndex, 17, --mod, travelersbackpack, --all, --output, D:\Modding Code\IntelliJ\1.21\Traveler's Backpack\src\generated\resources, --existing, D:\Modding Code\IntelliJ\1.21\Traveler's Backpack\src\main\resources]
[06Feb2025 14:10:46.776] [main/DEBUG] [mixin/]: Preparing mixins for MixinEnvironment[DEFAULT]
[06Feb2025 14:10:46.777] [main/DEBUG] [mixin/]: Selecting config glitchcore.mixins.json
[06Feb2025 14:10:46.780] [main/WARN] [mixin/]: Reference map 'glitchcore.refmap.json' for glitchcore.mixins.json could not be read. If this is a development environment you can ignore this message
[06Feb2025 14:10:46.782] [main/DEBUG] [mixin/]: Selecting config glitchcore.forge.mixins.json
[06Feb2025 14:10:46.783] [main/WARN] [mixin/]: Reference map 'glitchcore.refmap.json' for glitchcore.forge.mixins.json could not be read. If this is a development environment you can ignore this message
[06Feb2025 14:10:46.785] [main/DEBUG] [mixin/]: Selecting config toughasnails.mixins.json
[06Feb2025 14:10:46.787] [main/WARN] [mixin/]: Reference map 'toughasnails.refmap.json' for toughasnails.mixins.json could not be read. If this is a development environment you can ignore this message
[06Feb2025 14:10:46.787] [main/DEBUG] [mixin/]: Selecting config toughasnails.forge.mixins.json
[06Feb2025 14:10:46.790] [main/WARN] [mixin/]: Reference map 'toughasnails.refmap.json' for toughasnails.forge.mixins.json could not be read. If this is a development environment you can ignore this message
[06Feb2025 14:10:46.791] [main/DEBUG] [mixin/]: Selecting config polymorph.mixins.json
[06Feb2025 14:10:46.794] [main/WARN] [mixin/]: Reference map 'polymorph.refmap.json' for polymorph.mixins.json could not be read. If this is a development environment you can ignore this message
[06Feb2025 14:10:46.794] [main/DEBUG] [mixin/]: Selecting config polymorph-compatibility.mixins.json
[06Feb2025 14:10:46.806] [main/WARN] [mixin/]: Reference map 'polymorph.refmap.json' for polymorph-compatibility.mixins.json could not be read. If this is a development environment you can ignore this message
[06Feb2025 14:10:46.807] [main/DEBUG] [mixin/]: Preparing glitchcore.mixins.json (5)
[06Feb2025 14:10:46.873] [main/WARN] [mixin/]: Mixin environment was unable to detect the current side, sided mixins will not be applied
[06Feb2025 14:10:46.875] [main/DEBUG] [mixin/]: Preparing glitchcore.forge.mixins.json (8)
[06Feb2025 14:10:46.891] [main/WARN] [mixin/]: Mixin environment was unable to detect the current side, sided mixins will not be applied
[06Feb2025 14:10:46.892] [main/DEBUG] [mixin/]: Preparing toughasnails.mixins.json (9)
[06Feb2025 14:10:46.926] [main/WARN] [mixin/]: Mixin environment was unable to detect the current side, sided mixins will not be applied
[06Feb2025 14:10:46.927] [main/DEBUG] [mixin/]: Preparing toughasnails.forge.mixins.json (4)
[06Feb2025 14:10:46.933] [main/WARN] [mixin/]: Mixin environment was unable to detect the current side, sided mixins will not be applied
[06Feb2025 14:10:46.933] [main/DEBUG] [mixin/]: Preparing polymorph.mixins.json (16)
[06Feb2025 14:10:46.952] [main/WARN] [mixin/]: Mixin environment was unable to detect the current side, sided mixins will not be applied
[06Feb2025 14:10:46.952] [main/DEBUG] [mixin/]: Preparing polymorph-compatibility.mixins.json (3)
[06Feb2025 14:10:46.956] [main/DEBUG] [Polymorph/]: Loaded com.illusivesoulworks.polymorph.platform.ForgeIntegrationPlatform@12d2ddde for service interface com.illusivesoulworks.polymorph.platform.services.IIntegrationPlatform
[06Feb2025 14:10:46.957] [main/DEBUG] [Polymorph/]: Loaded com.illusivesoulworks.polymorph.platform.ForgeClientPlatform@5ae15 for service interface com.illusivesoulworks.polymorph.platform.services.IClientPlatform
[06Feb2025 14:10:46.959] [main/DEBUG] [Polymorph/]: Loaded com.illusivesoulworks.polymorph.platform.ForgePlatform@3c770db4 for service interface com.illusivesoulworks.polymorph.platform.services.IPlatform
[06Feb2025 14:10:46.965] [main/WARN] [mixin/]: Mixin environment was unable to detect the current side, sided mixins will not be applied
[06Feb2025 14:10:46.987] [main/DEBUG] [mixin/]: Registering new injector for @Inject with org.spongepowered.asm.mixin.injection.struct.CallbackInjectionInfo
[06Feb2025 14:10:46.989] [main/DEBUG] [mixin/]: Registering new injector for @ModifyArg with org.spongepowered.asm.mixin.injection.struct.ModifyArgInjectionInfo
[06Feb2025 14:10:46.991] [main/DEBUG] [mixin/]: Registering new injector for @ModifyArgs with org.spongepowered.asm.mixin.injection.struct.ModifyArgsInjectionInfo
[06Feb2025 14:10:46.992] [main/DEBUG] [mixin/]: Registering new injector for @Redirect with org.spongepowered.asm.mixin.injection.struct.RedirectInjectionInfo
[06Feb2025 14:10:46.993] [main/DEBUG] [mixin/]: Registering new injector for @ModifyVariable with org.spongepowered.asm.mixin.injection.struct.ModifyVariableInjectionInfo
[06Feb2025 14:10:46.994] [main/DEBUG] [mixin/]: Registering new injector for @ModifyConstant with org.spongepowered.asm.mixin.injection.struct.ModifyConstantInjectionInfo
[06Feb2025 14:10:47.008] [main/DEBUG] [mixin/]: Inner class glitchcore/forge/mixin/impl/MixinPacketHandler$1 in glitchcore/forge/mixin/impl/MixinPacketHandler on glitchcore/network/PacketHandler gets unique name glitchcore/network/PacketHandler$Anonymous$f80b7fcbf7bc4bd1848c7d8ff3ec4389
[06Feb2025 14:10:47.172] [main/DEBUG] [io.netty.util.internal.logging.InternalLoggerFactory/]: Using SLF4J as the default logging framework
[06Feb2025 14:10:47.176] [main/DEBUG] [io.netty.util.ResourceLeakDetector/]: -Dio.netty.leakDetection.level: simple
[06Feb2025 14:10:47.176] [main/DEBUG] [io.netty.util.ResourceLeakDetector/]: -Dio.netty.leakDetection.targetRecords: 4
[06Feb2025 14:10:47.576] [main/DEBUG] [mixin/]: Mixing MixinLivingEntity from toughasnails.mixins.json into net.minecraft.world.entity.LivingEntity
[06Feb2025 14:10:47.604] [main/DEBUG] [mixin/]: toughasnails.mixins.json:MixinLivingEntity: Class version 65 required is higher than the class version supported by the current version of Mixin (JAVA_17 supports class version 61)
[06Feb2025 14:10:47.661] [main/DEBUG] [net.minecraftforge.coremod.transformer.CoreModBaseTransformer/COREMOD]: Transforming net/minecraft/world/entity/EntityType
[06Feb2025 14:10:48.096] [main/DEBUG] [mixin/]: Mixing MixinPlayer from toughasnails.mixins.json into net.minecraft.world.entity.player.Player
[06Feb2025 14:10:48.097] [main/DEBUG] [mixin/]: toughasnails.mixins.json:MixinPlayer: Class version 65 required is higher than the class version supported by the current version of Mixin (JAVA_17 supports class version 61)
[06Feb2025 14:10:48.206] [main/DEBUG] [mixin/]: Mixing MixinServerLevel from glitchcore.mixins.json into net.minecraft.server.level.ServerLevel
[06Feb2025 14:10:48.208] [main/DEBUG] [mixin/]: glitchcore.mixins.json:MixinServerLevel: Class version 65 required is higher than the class version supported by the current version of Mixin (JAVA_17 supports class version 61)
[06Feb2025 14:10:48.211] [main/DEBUG] [mixin/]: Mixing MixinServerLevel from toughasnails.mixins.json into net.minecraft.server.level.ServerLevel
[06Feb2025 14:10:48.211] [main/DEBUG] [mixin/]: toughasnails.mixins.json:MixinServerLevel: Class version 65 required is higher than the class version supported by the current version of Mixin (JAVA_17 supports class version 61)
[06Feb2025 14:10:48.217] [main/DEBUG] [net.minecraftforge.coremod.transformer.CoreModBaseTransformer/COREMOD]: Transforming net/minecraft/world/effect/MobEffectInstance
[06Feb2025 14:10:48.233] [main/DEBUG] [mixin/]: Mixing MixinServerLevel from polymorph.mixins.json into net.minecraft.server.level.ServerLevel
[06Feb2025 14:10:48.233] [main/DEBUG] [mixin/]: polymorph.mixins.json:MixinServerLevel: Class version 65 required is higher than the class version supported by the current version of Mixin (JAVA_17 supports class version 61)
[06Feb2025 14:10:48.314] [main/DEBUG] [mixin/]: Mixing MixinItem from toughasnails.mixins.json into net.minecraft.world.item.Item
[06Feb2025 14:10:48.315] [main/DEBUG] [mixin/]: toughasnails.mixins.json:MixinItem: Class version 65 required is higher than the class version supported by the current version of Mixin (JAVA_17 supports class version 61)
[06Feb2025 14:10:48.324] [main/DEBUG] [net.minecraftforge.coremod.transformer.CoreModBaseTransformer/COREMOD]: Transforming net/minecraft/world/entity/EntityType
[06Feb2025 14:10:48.642] [main/DEBUG] [net.minecraftforge.coremod.transformer.CoreModBaseTransformer/COREMOD]: Transforming net/minecraft/world/level/block/LiquidBlock
[06Feb2025 14:10:48.783] [main/DEBUG] [net.minecraftforge.coremod.transformer.CoreModBaseTransformer/COREMOD]: Transforming net/minecraft/world/level/block/FlowerPotBlock
[06Feb2025 14:10:49.111] [main/DEBUG] [net.minecraftforge.coremod.transformer.CoreModBaseTransformer/COREMOD]: Transforming net/minecraft/world/effect/MobEffectInstance
[06Feb2025 14:10:49.271] [main/DEBUG] [mixin/]: Mixing AccessorCraftingMenu from polymorph.mixins.json into net.minecraft.world.inventory.CraftingMenu
[06Feb2025 14:10:49.273] [main/DEBUG] [mixin/]: polymorph.mixins.json:AccessorCraftingMenu: Class version 65 required is higher than the class version supported by the current version of Mixin (JAVA_17 supports class version 61)
[06Feb2025 14:10:49.278] [main/DEBUG] [mixin/]: Mixing MixinCraftingMenu from polymorph.mixins.json into net.minecraft.world.inventory.CraftingMenu
[06Feb2025 14:10:49.278] [main/DEBUG] [mixin/]: polymorph.mixins.json:MixinCraftingMenu: Class version 65 required is higher than the class version supported by the current version of Mixin (JAVA_17 supports class version 61)
[06Feb2025 14:10:49.290] [main/DEBUG] [mixin/]: Mixing AccessorAbstractFurnaceBlockEntity from polymorph.mixins.json into net.minecraft.world.level.block.entity.AbstractFurnaceBlockEntity
[06Feb2025 14:10:49.291] [main/DEBUG] [mixin/]: polymorph.mixins.json:AccessorAbstractFurnaceBlockEntity: Class version 65 required is higher than the class version supported by the current version of Mixin (JAVA_17 supports class version 61)
[06Feb2025 14:10:49.493] [main/DEBUG] [mixin/]: Mixing MixinItemStack from glitchcore.mixins.json into net.minecraft.world.item.ItemStack
[06Feb2025 14:10:49.493] [main/DEBUG] [mixin/]: glitchcore.mixins.json:MixinItemStack: Class version 65 required is higher than the class version supported by the current version of Mixin (JAVA_17 supports class version 61)
[06Feb2025 14:10:49.512] [main/DEBUG] [net.minecraftforge.coremod.transformer.CoreModBaseTransformer/COREMOD]: Transforming net/minecraft/world/level/biome/Biome
[06Feb2025 14:10:49.889] [main/DEBUG] [mixin/]: Mixing MixinSmithingMenu from polymorph.mixins.json into net.minecraft.world.inventory.SmithingMenu
[06Feb2025 14:10:49.892] [main/DEBUG] [mixin/]: polymorph.mixins.json:MixinSmithingMenu: Class version 65 required is higher than the class version supported by the current version of Mixin (JAVA_17 supports class version 61)
[06Feb2025 14:10:50.146] [main/DEBUG] [net.minecraftforge.coremod.transformer.CoreModBaseTransformer/COREMOD]: Transforming net/minecraft/world/entity/animal/frog/Tadpole
[06Feb2025 14:10:50.167] [main/DEBUG] [mixin/]: Mixing MixinRecipeCache from polymorph.mixins.json into net.minecraft.world.item.crafting.RecipeCache
[06Feb2025 14:10:50.168] [main/DEBUG] [mixin/]: polymorph.mixins.json:MixinRecipeCache: Class version 65 required is higher than the class version supported by the current version of Mixin (JAVA_17 supports class version 61)
[06Feb2025 14:10:50.210] [main/DEBUG] [net.minecraftforge.coremod.transformer.CoreModBaseTransformer/COREMOD]: Transforming net/minecraft/world/item/BucketItem
[06Feb2025 14:10:50.417] [main/DEBUG] [mixin/]: Mixing MixinServerPlayer from glitchcore.forge.mixins.json into net.minecraft.server.level.ServerPlayer
[06Feb2025 14:10:50.417] [main/DEBUG] [mixin/]: glitchcore.forge.mixins.json:MixinServerPlayer: Class version 65 required is higher than the class version supported by the current version of Mixin (JAVA_17 supports class version 61)
[06Feb2025 14:10:50.419] [main/DEBUG] [mixin/]: Mixing MixinServerPlayer from toughasnails.mixins.json into net.minecraft.server.level.ServerPlayer
[06Feb2025 14:10:50.419] [main/DEBUG] [mixin/]: toughasnails.mixins.json:MixinServerPlayer: Class version 65 required is higher than the class version supported by the current version of Mixin (JAVA_17 supports class version 61)
[06Feb2025 14:10:51.451] [main/DEBUG] [net.minecraftforge.coremod.transformer.CoreModBaseTransformer/COREMOD]: Transforming net/minecraft/world/entity/monster/Spider
[06Feb2025 14:10:51.550] [main/DEBUG] [net.minecraftforge.coremod.transformer.CoreModBaseTransformer/COREMOD]: Transforming net/minecraft/world/entity/monster/Zombie
[06Feb2025 14:10:51.582] [main/DEBUG] [net.minecraftforge.coremod.transformer.CoreModBaseTransformer/COREMOD]: Transforming net/minecraft/world/entity/monster/ZombieVillager
[06Feb2025 14:10:51.637] [main/DEBUG] [net.minecraftforge.coremod.transformer.CoreModBaseTransformer/COREMOD]: Transforming net/minecraft/world/entity/monster/Evoker$EvokerSummonSpellGoal
[06Feb2025 14:10:51.752] [main/DEBUG] [net.minecraftforge.coremod.transformer.CoreModBaseTransformer/COREMOD]: Transforming net/minecraft/world/entity/animal/horse/SkeletonTrapGoal
[06Feb2025 14:10:51.771] [main/DEBUG] [net.minecraftforge.coremod.transformer.CoreModBaseTransformer/COREMOD]: Transforming net/minecraft/world/entity/monster/Strider
[06Feb2025 14:10:51.805] [main/DEBUG] [net.minecraftforge.coremod.transformer.CoreModBaseTransformer/COREMOD]: Transforming net/minecraft/world/entity/npc/Villager
[06Feb2025 14:10:51.888] [main/DEBUG] [mixin/]: Mixing AccessorInventoryMenu from polymorph.mixins.json into net.minecraft.world.inventory.InventoryMenu
[06Feb2025 14:10:51.889] [main/DEBUG] [mixin/]: polymorph.mixins.json:AccessorInventoryMenu: Class version 65 required is higher than the class version supported by the current version of Mixin (JAVA_17 supports class version 61)
[06Feb2025 14:10:52.219] [main/DEBUG] [mixin/]: Mixing AccessorCrafterMenu from polymorph.mixins.json into net.minecraft.world.inventory.CrafterMenu
[06Feb2025 14:10:52.219] [main/DEBUG] [mixin/]: polymorph.mixins.json:AccessorCrafterMenu: Class version 65 required is higher than the class version supported by the current version of Mixin (JAVA_17 supports class version 61)
[06Feb2025 14:10:52.220] [main/DEBUG] [mixin/]: Mixing MixinCrafterMenu from polymorph.mixins.json into net.minecraft.world.inventory.CrafterMenu
[06Feb2025 14:10:52.220] [main/DEBUG] [mixin/]: polymorph.mixins.json:MixinCrafterMenu: Class version 65 required is higher than the class version supported by the current version of Mixin (JAVA_17 supports class version 61)
[06Feb2025 14:10:52.297] [main/DEBUG] [mixin/]: Mixing AccessorSmithingTransformRecipe from polymorph.mixins.json into net.minecraft.world.item.crafting.SmithingTransformRecipe
[06Feb2025 14:10:52.297] [main/DEBUG] [mixin/]: polymorph.mixins.json:AccessorSmithingTransformRecipe: Class version 65 required is higher than the class version supported by the current version of Mixin (JAVA_17 supports class version 61)
[06Feb2025 14:10:52.300] [main/DEBUG] [mixin/]: Mixing AccessorSmithingTrimRecipe from polymorph.mixins.json into net.minecraft.world.item.crafting.SmithingTrimRecipe
[06Feb2025 14:10:52.300] [main/DEBUG] [mixin/]: polymorph.mixins.json:AccessorSmithingTrimRecipe: Class version 65 required is higher than the class version supported by the current version of Mixin (JAVA_17 supports class version 61)
[06Feb2025 14:10:52.696] [main/DEBUG] [net.minecraftforge.coremod.transformer.CoreModBaseTransformer/COREMOD]: Transforming net/minecraft/world/level/levelgen/structure/structures/OceanRuinPieces$OceanRuinPiece
[06Feb2025 14:10:52.702] [main/DEBUG] [net.minecraftforge.coremod.transformer.CoreModBaseTransformer/COREMOD]: Transforming net/minecraft/world/level/levelgen/structure/structures/SwampHutPiece
[06Feb2025 14:10:52.710] [main/DEBUG] [net.minecraftforge.coremod.transformer.CoreModBaseTransformer/COREMOD]: Transforming net/minecraft/world/level/levelgen/structure/structures/OceanMonumentPieces$OceanMonumentPiece
[06Feb2025 14:10:52.727] [main/DEBUG] [net.minecraftforge.coremod.transformer.CoreModBaseTransformer/COREMOD]: Transforming net/minecraft/world/level/levelgen/structure/structures/WoodlandMansionPieces$WoodlandMansionPiece
[06Feb2025 14:10:53.201] [main/DEBUG] [net.minecraftforge.registries.GameData/REGISTRIES]: Creating vanilla freeze snapshot
[06Feb2025 14:10:53.205] [main/DEBUG] [net.minecraftforge.registries.ForgeRegistry/REGISTRIES]: Registry minecraft:block Sync: VANILLA -> ACTIVE
[06Feb2025 14:10:53.216] [main/DEBUG] [net.minecraftforge.registries.ForgeRegistry/REGISTRIES]: Registry minecraft:fluid Sync: VANILLA -> ACTIVE
[06Feb2025 14:10:53.216] [main/DEBUG] [net.minecraftforge.registries.ForgeRegistry/REGISTRIES]: Registry minecraft:item Sync: VANILLA -> ACTIVE
[06Feb2025 14:10:53.226] [main/DEBUG] [net.minecraftforge.registries.ForgeRegistry/REGISTRIES]: Registry minecraft:mob_effect Sync: VANILLA -> ACTIVE
[06Feb2025 14:10:53.227] [main/DEBUG] [net.minecraftforge.registries.ForgeRegistry/REGISTRIES]: Registry minecraft:sound_event Sync: VANILLA -> ACTIVE
[06Feb2025 14:10:53.237] [main/DEBUG] [net.minecraftforge.registries.ForgeRegistry/REGISTRIES]: Registry minecraft:potion Sync: VANILLA -> ACTIVE
[06Feb2025 14:10:53.237] [main/DEBUG] [net.minecraftforge.registries.ForgeRegistry/REGISTRIES]: Registry minecraft:entity_type Sync: VANILLA -> ACTIVE
[06Feb2025 14:10:53.238] [main/DEBUG] [net.minecraftforge.registries.ForgeRegistry/REGISTRIES]: Registry minecraft:block_entity_type Sync: VANILLA -> ACTIVE
[06Feb2025 14:10:53.239] [main/DEBUG] [net.minecraftforge.registries.ForgeRegistry/REGISTRIES]: Registry minecraft:particle_type Sync: VANILLA -> ACTIVE
[06Feb2025 14:10:53.239] [main/DEBUG] [net.minecraftforge.registries.ForgeRegistry/REGISTRIES]: Registry minecraft:menu Sync: VANILLA -> ACTIVE
[06Feb2025 14:10:53.240] [main/DEBUG] [net.minecraftforge.registries.ForgeRegistry/REGISTRIES]: Registry minecraft:painting_variant Sync: VANILLA -> ACTIVE
[06Feb2025 14:10:53.240] [main/DEBUG] [net.minecraftforge.registries.ForgeRegistry/REGISTRIES]: Registry minecraft:recipe_type Sync: VANILLA -> ACTIVE
[06Feb2025 14:10:53.240] [main/DEBUG] [net.minecraftforge.registries.ForgeRegistry/REGISTRIES]: Registry minecraft:recipe_serializer Sync: VANILLA -> ACTIVE
[06Feb2025 14:10:53.240] [main/DEBUG] [net.minecraftforge.registries.ForgeRegistry/REGISTRIES]: Registry minecraft:attribute Sync: VANILLA -> ACTIVE
[06Feb2025 14:10:53.240] [main/DEBUG] [net.minecraftforge.registries.ForgeRegistry/REGISTRIES]: Registry minecraft:stat_type Sync: VANILLA -> ACTIVE
[06Feb2025 14:10:53.240] [main/DEBUG] [net.minecraftforge.registries.ForgeRegistry/REGISTRIES]: Registry minecraft:command_argument_type Sync: VANILLA -> ACTIVE
[06Feb2025 14:10:53.240] [main/DEBUG] [net.minecraftforge.registries.ForgeRegistry/REGISTRIES]: Registry minecraft:data_component_type Sync: VANILLA -> ACTIVE
[06Feb2025 14:10:53.241] [main/DEBUG] [net.minecraftforge.registries.ForgeRegistry/REGISTRIES]: Registry minecraft:villager_profession Sync: VANILLA -> ACTIVE
[06Feb2025 14:10:53.241] [main/DEBUG] [net.minecraftforge.registries.ForgeRegistry/REGISTRIES]: Registry minecraft:point_of_interest_type Sync: VANILLA -> ACTIVE
[06Feb2025 14:10:53.243] [main/DEBUG] [net.minecraftforge.registries.ForgeRegistry/REGISTRIES]: Registry minecraft:memory_module_type Sync: VANILLA -> ACTIVE
[06Feb2025 14:10:53.244] [main/DEBUG] [net.minecraftforge.registries.ForgeRegistry/REGISTRIES]: Registry minecraft:sensor_type Sync: VANILLA -> ACTIVE
[06Feb2025 14:10:53.244] [main/DEBUG] [net.minecraftforge.registries.ForgeRegistry/REGISTRIES]: Registry minecraft:schedule Sync: VANILLA -> ACTIVE
[06Feb2025 14:10:53.244] [main/DEBUG] [net.minecraftforge.registries.ForgeRegistry/REGISTRIES]: Registry minecraft:activity Sync: VANILLA -> ACTIVE
[06Feb2025 14:10:53.244] [main/DEBUG] [net.minecraftforge.registries.ForgeRegistry/REGISTRIES]: Registry minecraft:worldgen/carver Sync: VANILLA -> ACTIVE
[06Feb2025 14:10:53.244] [main/DEBUG] [net.minecraftforge.registries.ForgeRegistry/REGISTRIES]: Registry minecraft:worldgen/feature Sync: VANILLA -> ACTIVE
[06Feb2025 14:10:53.244] [main/DEBUG] [net.minecraftforge.registries.ForgeRegistry/REGISTRIES]: Registry minecraft:chunk_status Sync: VANILLA -> ACTIVE
[06Feb2025 14:10:53.244] [main/DEBUG] [net.minecraftforge.registries.ForgeRegistry/REGISTRIES]: Registry minecraft:worldgen/block_state_provider_type Sync: VANILLA -> ACTIVE
[06Feb2025 14:10:53.244] [main/DEBUG] [net.minecraftforge.registries.ForgeRegistry/REGISTRIES]: Registry minecraft:worldgen/foliage_placer_type Sync: VANILLA -> ACTIVE
[06Feb2025 14:10:53.246] [main/DEBUG] [net.minecraftforge.registries.ForgeRegistry/REGISTRIES]: Registry minecraft:worldgen/tree_decorator_type Sync: VANILLA -> ACTIVE
[06Feb2025 14:10:53.246] [main/DEBUG] [net.minecraftforge.registries.ForgeRegistry/REGISTRIES]: Registry minecraft:worldgen/biome Sync: VANILLA -> ACTIVE
[06Feb2025 14:10:53.253] [main/DEBUG] [net.minecraftforge.registries.GameData/REGISTRIES]: Vanilla freeze snapshot created
[06Feb2025 14:10:53.256] [main/DEBUG] [net.minecraftforge.fml.ModWorkManager/LOADING]: Using 16 threads for parallel mod-loading
[06Feb2025 14:10:53.274] [main/DEBUG] [net.minecraftforge.fml.javafmlmod.FMLJavaModLanguageProvider/LOADING]: Loading FMLModContainer from classloader TransformingClassLoader[TRANSFORMER]@1976503781 - got SecureModuleClassLoader[LAYER PLUGIN]@1289454852
[06Feb2025 14:10:53.278] [main/DEBUG] [net.minecraftforge.fml.javafmlmod.FMLModContainer/LOADING]: Creating FMLModContainer instance for glitchcore.forge.GlitchCoreForge
[06Feb2025 14:10:53.283] [main/DEBUG] [net.minecraftforge.fml.javafmlmod.FMLModContainer/LOADING]: Loaded modclass glitchcore/glitchcore.forge.GlitchCoreForge with TransformingClassLoader[TRANSFORMER]@1976503781
[06Feb2025 14:10:53.283] [main/DEBUG] [net.minecraftforge.fml.javafmlmod.FMLJavaModLanguageProvider/LOADING]: Loading FMLModContainer from classloader TransformingClassLoader[TRANSFORMER]@1976503781 - got SecureModuleClassLoader[LAYER PLUGIN]@1289454852
[06Feb2025 14:10:53.283] [main/DEBUG] [net.minecraftforge.fml.javafmlmod.FMLModContainer/LOADING]: Creating FMLModContainer instance for toughasnails.forge.core.ToughAsNailsForge
[06Feb2025 14:10:53.283] [main/DEBUG] [net.minecraftforge.fml.javafmlmod.FMLModContainer/LOADING]: Loaded modclass toughasnails/toughasnails.forge.core.ToughAsNailsForge with TransformingClassLoader[TRANSFORMER]@1976503781
[06Feb2025 14:10:53.283] [main/DEBUG] [net.minecraftforge.fml.javafmlmod.FMLJavaModLanguageProvider/LOADING]: Loading FMLModContainer from classloader TransformingClassLoader[TRANSFORMER]@1976503781 - got SecureModuleClassLoader[LAYER PLUGIN]@1289454852
[06Feb2025 14:10:53.283] [main/DEBUG] [net.minecraftforge.fml.javafmlmod.FMLModContainer/LOADING]: Creating FMLModContainer instance for net.minecraftforge.common.ForgeMod
[06Feb2025 14:10:53.284] [main/DEBUG] [net.minecraftforge.fml.javafmlmod.FMLModContainer/LOADING]: Loaded modclass net.minecraftforge.forge/net.minecraftforge.common.ForgeMod with TransformingClassLoader[TRANSFORMER]@1976503781
[06Feb2025 14:10:53.284] [main/DEBUG] [net.minecraftforge.fml.javafmlmod.FMLJavaModLanguageProvider/LOADING]: Loading FMLModContainer from classloader TransformingClassLoader[TRANSFORMER]@1976503781 - got SecureModuleClassLoader[LAYER PLUGIN]@1289454852
[06Feb2025 14:10:53.284] [main/DEBUG] [net.minecraftforge.fml.javafmlmod.FMLModContainer/LOADING]: Creating FMLModContainer instance for com.illusivesoulworks.polymorph.PolymorphForgeMod
[06Feb2025 14:10:53.286] [main/DEBUG] [net.minecraftforge.fml.javafmlmod.FMLModContainer/LOADING]: Loaded modclass polymorph/com.illusivesoulworks.polymorph.PolymorphForgeMod with TransformingClassLoader[TRANSFORMER]@1976503781
[06Feb2025 14:10:53.286] [main/DEBUG] [net.minecraftforge.fml.javafmlmod.FMLJavaModLanguageProvider/LOADING]: Loading FMLModContainer from classloader TransformingClassLoader[TRANSFORMER]@1976503781 - got SecureModuleClassLoader[LAYER PLUGIN]@1289454852
[06Feb2025 14:10:53.286] [main/DEBUG] [net.minecraftforge.fml.javafmlmod.FMLModContainer/LOADING]: Creating FMLModContainer instance for com.chaosthedude.naturescompass.NaturesCompass
[06Feb2025 14:10:53.287] [main/DEBUG] [net.minecraftforge.fml.javafmlmod.FMLModContainer/LOADING]: Loaded modclass naturescompass/com.chaosthedude.naturescompass.NaturesCompass with TransformingClassLoader[TRANSFORMER]@1976503781
[06Feb2025 14:10:53.287] [main/DEBUG] [net.minecraftforge.fml.javafmlmod.FMLJavaModLanguageProvider/LOADING]: Loading FMLModContainer from classloader TransformingClassLoader[TRANSFORMER]@1976503781 - got SecureModuleClassLoader[LAYER PLUGIN]@1289454852
[06Feb2025 14:10:53.287] [main/DEBUG] [net.minecraftforge.fml.javafmlmod.FMLModContainer/LOADING]: Creating FMLModContainer instance for com.tiviacz.travelersbackpack.TravelersBackpack
[06Feb2025 14:10:53.288] [main/DEBUG] [net.minecraftforge.fml.javafmlmod.FMLModContainer/LOADING]: Loaded modclass travelersbackpack/com.tiviacz.travelersbackpack.TravelersBackpack with TransformingClassLoader[TRANSFORMER]@1976503781
[06Feb2025 14:10:53.288] [main/DEBUG] [net.minecraftforge.fml.javafmlmod.FMLJavaModLanguageProvider/LOADING]: Loading FMLModContainer from classloader TransformingClassLoader[TRANSFORMER]@1976503781 - got SecureModuleClassLoader[LAYER PLUGIN]@1289454852
[06Feb2025 14:10:53.288] [main/DEBUG] [net.minecraftforge.fml.javafmlmod.FMLModContainer/LOADING]: Creating FMLModContainer instance for mezz.jei.forge.JustEnoughItems
[06Feb2025 14:10:53.289] [main/DEBUG] [net.minecraftforge.fml.javafmlmod.FMLModContainer/LOADING]: Loaded modclass jei/mezz.jei.forge.JustEnoughItems with TransformingClassLoader[TRANSFORMER]@1976503781
[06Feb2025 14:10:53.310] [modloading-worker-0/DEBUG] [mixin/]: Mixing impl.MixinPacketHandler from glitchcore.forge.mixins.json into glitchcore.network.PacketHandler
[06Feb2025 14:10:53.310] [modloading-worker-0/DEBUG] [mixin/]: glitchcore.forge.mixins.json:impl.MixinPacketHandler: Class version 65 required is higher than the class version supported by the current version of Mixin (JAVA_17 supports class version 61)
[06Feb2025 14:10:53.311] [modloading-worker-0/DEBUG] [mixin/]: Renaming synthetic method lambda$register$2(Lglitchcore/network/CustomPacket;Lglitchcore/network/CustomPacket;Lnet/minecraftforge/event/network/CustomPayloadEvent$Context;)V to md3cceb0$glitchcore$lambda$register$2$0 in glitchcore.forge.mixins.json:impl.MixinPacketHandler
[06Feb2025 14:10:53.311] [modloading-worker-0/DEBUG] [mixin/]: Renaming synthetic method lambda$register$1(Lglitchcore/network/CustomPacket;Lglitchcore/network/CustomPacket;Lnet/minecraftforge/event/network/CustomPayloadEvent$Context;)V to md3cceb0$glitchcore$lambda$register$1$1 in glitchcore.forge.mixins.json:impl.MixinPacketHandler
[06Feb2025 14:10:53.314] [modloading-worker-0/DEBUG] [mixin/]: Renaming synthetic method lambda$static$0(Lnet/minecraftforge/network/PacketDistributor;Lnet/minecraft/server/network/ServerGamePacketListenerImpl;)Ljava/util/function/Consumer; to md3cceb0$glitchcore$lambda$static$0$2 in glitchcore.forge.mixins.json:impl.MixinPacketHandler
[06Feb2025 14:10:53.345] [modloading-worker-0/DEBUG] [net.minecraftforge.fml.javafmlmod.AutomaticEventSubscriber/LOADING]: Attempting to inject @EventBusSubscriber classes into the eventbus for polymorph
[06Feb2025 14:10:53.354] [modloading-worker-0/DEBUG] [mixin/]: Mixing impl.MixinEnvironment from glitchcore.forge.mixins.json into glitchcore.util.Environment
[06Feb2025 14:10:53.354] [modloading-worker-0/DEBUG] [mixin/]: glitchcore.forge.mixins.json:impl.MixinEnvironment: Class version 65 required is higher than the class version supported by the current version of Mixin (JAVA_17 supports class version 61)
[06Feb2025 14:10:53.357] [modloading-worker-0/DEBUG] [net.minecraftforge.fml.config.ConfigTracker/CONFIG]: Config file jei-server.toml for jei tracking
[06Feb2025 14:10:53.363] [modloading-worker-0/DEBUG] [net.minecraftforge.fml.config.ConfigTracker/CONFIG]: Config file naturescompass-common.toml for naturescompass tracking
[06Feb2025 14:10:53.363] [modloading-worker-0/DEBUG] [net.minecraftforge.fml.config.ConfigTracker/CONFIG]: Config file naturescompass-client.toml for naturescompass tracking
[06Feb2025 14:10:53.369] [modloading-worker-0/DEBUG] [net.minecraftforge.versions.forge.ForgeVersion/CORE]: Forge Version package package net.minecraftforge.versions.forge, Forge, version 0.0 from TransformingClassLoader[TRANSFORMER]@1976503781
[06Feb2025 14:10:53.369] [modloading-worker-0/DEBUG] [net.minecraftforge.versions.forge.ForgeVersion/CORE]: Found Forge version 52.0.37
[06Feb2025 14:10:53.369] [modloading-worker-0/DEBUG] [net.minecraftforge.versions.forge.ForgeVersion/CORE]: Found Forge spec 0.0
[06Feb2025 14:10:53.369] [modloading-worker-0/DEBUG] [net.minecraftforge.versions.forge.ForgeVersion/CORE]: Found Forge group net.minecraftforge
[06Feb2025 14:10:53.371] [modloading-worker-0/DEBUG] [net.minecraftforge.versions.mcp.MCPVersion/CORE]: MCP Version package package net.minecraftforge.versions.mcp, Minecraft, version 1.21.1 from TransformingClassLoader[TRANSFORMER]@1976503781
[06Feb2025 14:10:53.371] [modloading-worker-0/DEBUG] [net.minecraftforge.versions.mcp.MCPVersion/CORE]: Found MC version information 1.21.1
[06Feb2025 14:10:53.371] [modloading-worker-0/DEBUG] [net.minecraftforge.versions.mcp.MCPVersion/CORE]: Found MCP version information 20240808.132146
[06Feb2025 14:10:53.371] [modloading-worker-0/DEBUG] [net.minecraftforge.fml.javafmlmod.AutomaticEventSubscriber/LOADING]: Attempting to inject @EventBusSubscriber classes into the eventbus for naturescompass
[06Feb2025 14:10:53.371] [modloading-worker-0/INFO] [net.minecraftforge.common.ForgeMod/FORGEMOD]: Forge mod loading, version 52.0.37, for MC 1.21.1 with MCP 20240808.132146
[06Feb2025 14:10:53.371] [modloading-worker-0/INFO] [net.minecraftforge.common.MinecraftForge/FORGE]: MinecraftForge v52.0.37 Initialized
[06Feb2025 14:10:53.377] [modloading-worker-0/DEBUG] [net.minecraftforge.fml.javafmlmod.AutomaticEventSubscriber/LOADING]: Auto-subscribing com.chaosthedude.naturescompass.registry.NaturesCompassRegistry to MOD
[06Feb2025 14:10:53.379] [modloading-worker-0/DEBUG] [net.minecraftforge.fml.javafmlmod.AutomaticEventSubscriber/LOADING]: Auto-subscribing com.chaosthedude.naturescompass.client.NaturesCompassClient to MOD
[06Feb2025 14:10:53.382] [modloading-worker-0/INFO] [glitchcore/]: Registered synced config with path toughasnails/thirst.toml
[06Feb2025 14:10:53.382] [modloading-worker-0/INFO] [glitchcore/]: Registered synced config with path toughasnails/temperature.toml
[06Feb2025 14:10:53.388] [modloading-worker-0/DEBUG] [net.minecraftforge.fml.javafmlmod.AutomaticEventSubscriber/LOADING]: Attempting to inject @EventBusSubscriber classes into the eventbus for glitchcore
[06Feb2025 14:10:53.388] [modloading-worker-0/DEBUG] [net.minecraftforge.fml.javafmlmod.AutomaticEventSubscriber/LOADING]: Auto-subscribing glitchcore.forge.handlers.ToolModificationEventHandler to FORGE
[06Feb2025 14:10:53.392] [modloading-worker-0/DEBUG] [net.minecraftforge.fml.javafmlmod.AutomaticEventSubscriber/LOADING]: Auto-subscribing glitchcore.forge.handlers.TickEventHandler to FORGE
[06Feb2025 14:10:53.396] [modloading-worker-0/DEBUG] [net.minecraftforge.fml.javafmlmod.AutomaticEventSubscriber/LOADING]: Auto-subscribing glitchcore.forge.handlers.VillagerTradesEventHandler to FORGE
[06Feb2025 14:10:53.397] [modloading-worker-0/DEBUG] [mixin/]: Mixing jei.MixinPacketRecipeTransfer from polymorph-compatibility.mixins.json into mezz.jei.common.network.packets.PacketRecipeTransfer
[06Feb2025 14:10:53.398] [modloading-worker-0/DEBUG] [mixin/]: polymorph-compatibility.mixins.json:jei.MixinPacketRecipeTransfer: Class version 65 required is higher than the class version supported by the current version of Mixin (JAVA_16 supports class version 60)
[06Feb2025 14:10:53.401] [modloading-worker-0/INFO] [net.minecraftforge.common.ForgeMod/FORGEMOD]: Opening jdk.naming.dns/com.sun.jndi.dns to java.naming
[06Feb2025 14:10:53.402] [modloading-worker-0/DEBUG] [net.minecraftforge.fml.javafmlmod.AutomaticEventSubscriber/LOADING]: Auto-subscribing glitchcore.forge.handlers.TagsUpdatedEventHandler to FORGE
[06Feb2025 14:10:53.404] [modloading-worker-0/DEBUG] [net.minecraftforge.fml.config.ConfigTracker/CONFIG]: Config file travelersbackpack-server.toml for travelersbackpack tracking
[06Feb2025 14:10:53.404] [modloading-worker-0/DEBUG] [net.minecraftforge.fml.config.ConfigTracker/CONFIG]: Config file travelersbackpack-common.toml for travelersbackpack tracking
[06Feb2025 14:10:53.404] [modloading-worker-0/DEBUG] [net.minecraftforge.fml.config.ConfigTracker/CONFIG]: Config file travelersbackpack-client.toml for travelersbackpack tracking
[06Feb2025 14:10:53.405] [modloading-worker-0/DEBUG] [net.minecraftforge.fml.javafmlmod.AutomaticEventSubscriber/LOADING]: Auto-subscribing glitchcore.forge.handlers.InteractionEventHandler to FORGE
[06Feb2025 14:10:53.411] [modloading-worker-0/DEBUG] [net.minecraftforge.fml.javafmlmod.AutomaticEventSubscriber/LOADING]: Auto-subscribing glitchcore.forge.handlers.RegistryEventHandler to MOD
[06Feb2025 14:10:53.413] [modloading-worker-0/DEBUG] [net.minecraftforge.fml.javafmlmod.AutomaticEventSubscriber/LOADING]: Auto-subscribing glitchcore.forge.handlers.TooltipEventHandler to FORGE
[06Feb2025 14:10:53.415] [modloading-worker-0/DEBUG] [net.minecraftforge.fml.javafmlmod.AutomaticEventSubscriber/LOADING]: Auto-subscribing glitchcore.forge.handlers.ColorsEventHandler to MOD
[06Feb2025 14:10:53.423] [modloading-worker-0/DEBUG] [net.minecraftforge.fml.javafmlmod.AutomaticEventSubscriber/LOADING]: Auto-subscribing glitchcore.forge.handlers.LevelRenderEventHandler to FORGE
[06Feb2025 14:10:53.433] [modloading-worker-0/DEBUG] [net.minecraftforge.fml.javafmlmod.AutomaticEventSubscriber/LOADING]: Auto-subscribing glitchcore.forge.handlers.RegisterParticleProvidersEventHandler to MOD
[06Feb2025 14:10:53.439] [modloading-worker-0/DEBUG] [net.minecraftforge.fml.javafmlmod.AutomaticEventSubscriber/LOADING]: Auto-subscribing glitchcore.forge.handlers.RegisterCommandsEventHandler to FORGE
[06Feb2025 14:10:53.443] [modloading-worker-0/DEBUG] [io.netty.util.internal.PlatformDependent0/]: -Dio.netty.noUnsafe: false
[06Feb2025 14:10:53.444] [modloading-worker-0/DEBUG] [io.netty.util.internal.PlatformDependent0/]: Java version: 21
[06Feb2025 14:10:53.445] [modloading-worker-0/DEBUG] [io.netty.util.internal.PlatformDependent0/]: sun.misc.Unsafe.theUnsafe: available
[06Feb2025 14:10:53.445] [modloading-worker-0/DEBUG] [io.netty.util.internal.PlatformDependent0/]: sun.misc.Unsafe.copyMemory: available
[06Feb2025 14:10:53.447] [modloading-worker-0/DEBUG] [io.netty.util.internal.PlatformDependent0/]: sun.misc.Unsafe.storeFence: available
[06Feb2025 14:10:53.447] [modloading-worker-0/DEBUG] [io.netty.util.internal.PlatformDependent0/]: java.nio.Buffer.address: available
[06Feb2025 14:10:53.457] [modloading-worker-0/DEBUG] [mezz.jei.common.platform.Services/]: Loaded mezz.jei.forge.platform.PlatformHelper@6856c249 for service interface mezz.jei.common.platform.IPlatformHelper
[06Feb2025 14:10:53.448] [modloading-worker-0/DEBUG] [io.netty.util.internal.PlatformDependent0/]: direct buffer constructor: unavailable
java.lang.UnsupportedOperationException: Reflective setAccessible(true) disabled
	at SECURE-BOOTSTRAP/io.netty.common@4.1.97.Final/io.netty.util.internal.ReflectionUtil.trySetAccessible(ReflectionUtil.java:31) ~[netty-common-4.1.97.Final.jar:4.1.97.Final]
	at SECURE-BOOTSTRAP/io.netty.common@4.1.97.Final/io.netty.util.internal.PlatformDependent0$5.run(PlatformDependent0.java:289) ~[netty-common-4.1.97.Final.jar:4.1.97.Final]
	at java.base/java.security.AccessController.doPrivileged(AccessController.java:319) ~[?:?]
	at SECURE-BOOTSTRAP/io.netty.common@4.1.97.Final/io.netty.util.internal.PlatformDependent0.<clinit>(PlatformDependent0.java:282) ~[netty-common-4.1.97.Final.jar:4.1.97.Final]
	at SECURE-BOOTSTRAP/io.netty.common@4.1.97.Final/io.netty.util.internal.PlatformDependent.isAndroid(PlatformDependent.java:333) ~[netty-common-4.1.97.Final.jar:4.1.97.Final]
	at SECURE-BOOTSTRAP/io.netty.common@4.1.97.Final/io.netty.util.internal.PlatformDependent.<clinit>(PlatformDependent.java:88) ~[netty-common-4.1.97.Final.jar:4.1.97.Final]
	at SECURE-BOOTSTRAP/io.netty.common@4.1.97.Final/io.netty.util.ConstantPool.<init>(ConstantPool.java:34) ~[netty-common-4.1.97.Final.jar:4.1.97.Final]
	at SECURE-BOOTSTRAP/io.netty.common@4.1.97.Final/io.netty.util.AttributeKey$1.<init>(AttributeKey.java:27) ~[netty-common-4.1.97.Final.jar:4.1.97.Final]
	at SECURE-BOOTSTRAP/io.netty.common@4.1.97.Final/io.netty.util.AttributeKey.<clinit>(AttributeKey.java:27) ~[netty-common-4.1.97.Final.jar:4.1.97.Final]
	at TRANSFORMER/net.minecraftforge.forge@52.0.37/net.minecraftforge.network.NetworkInitialization.<clinit>(NetworkInitialization.java:27) ~[forge-1.21.1-52.0.37_mapped_parchment_2024.06.23-1.21.jar:?]
	at TRANSFORMER/net.minecraftforge.forge@52.0.37/net.minecraftforge.common.ForgeMod.<init>(ForgeMod.java:381) ~[forge-1.21.1-52.0.37_mapped_parchment_2024.06.23-1.21.jar:?]
	at java.base/jdk.internal.reflect.DirectConstructorHandleAccessor.newInstance(DirectConstructorHandleAccessor.java:62) ~[?:?]
	at java.base/java.lang.reflect.Constructor.newInstanceWithCaller(Constructor.java:502) ~[?:?]
	at java.base/java.lang.reflect.Constructor.newInstance(Constructor.java:486) ~[?:?]
	at LAYER PLUGIN/net.minecraftforge.javafmlmod@1.21.1-52.0.37/net.minecraftforge.fml.javafmlmod.FMLModContainer.constructMod(FMLModContainer.java:145) ~[javafmllanguage-1.21.1-52.0.37.jar!/:52.0.37]
	at LAYER PLUGIN/net.minecraftforge.fmlcore@1.21.1-52.0.37/net.minecraftforge.fml.ModContainer.lambda$buildTransitionHandler$5(ModContainer.java:125) ~[fmlcore-1.21.1-52.0.37.jar!/:1.0]
	at java.base/java.util.concurrent.CompletableFuture$AsyncRun.run$$$capture(CompletableFuture.java:1804) [?:?]
	at java.base/java.util.concurrent.CompletableFuture$AsyncRun.run(CompletableFuture.java) [?:?]
	at java.base/java.util.concurrent.CompletableFuture$AsyncRun.exec(CompletableFuture.java:1796) [?:?]
	at java.base/java.util.concurrent.ForkJoinTask.doExec$$$capture(ForkJoinTask.java:387) [?:?]
	at java.base/java.util.concurrent.ForkJoinTask.doExec(ForkJoinTask.java) [?:?]
	at java.base/java.util.concurrent.ForkJoinPool$WorkQueue.topLevelExec(ForkJoinPool.java:1312) [?:?]
	at java.base/java.util.concurrent.ForkJoinPool.scan(ForkJoinPool.java:1843) [?:?]
	at java.base/java.util.concurrent.ForkJoinPool.runWorker(ForkJoinPool.java:1808) [?:?]
	at java.base/java.util.concurrent.ForkJoinWorkerThread.run(ForkJoinWorkerThread.java:188) [?:?]
[06Feb2025 14:10:53.471] [modloading-worker-0/DEBUG] [io.netty.util.internal.PlatformDependent0/]: java.nio.Bits.unaligned: available, true
[06Feb2025 14:10:53.473] [modloading-worker-0/DEBUG] [io.netty.util.internal.PlatformDependent0/]: jdk.internal.misc.Unsafe.allocateUninitializedArray(int): unavailable
java.lang.IllegalAccessException: class io.netty.util.internal.PlatformDependent0$7 (in module io.netty.common) cannot access class jdk.internal.misc.Unsafe (in module java.base) because module java.base does not export jdk.internal.misc to module io.netty.common
	at java.base/jdk.internal.reflect.Reflection.newIllegalAccessException(Reflection.java:394) ~[?:?]
	at java.base/java.lang.reflect.AccessibleObject.checkAccess(AccessibleObject.java:714) ~[?:?]
	at java.base/java.lang.reflect.Method.invoke(Method.java:571) ~[?:?]
	at SECURE-BOOTSTRAP/io.netty.common@4.1.97.Final/io.netty.util.internal.PlatformDependent0$7.run(PlatformDependent0.java:411) ~[netty-common-4.1.97.Final.jar:4.1.97.Final]
	at java.base/java.security.AccessController.doPrivileged(AccessController.java:319) ~[?:?]
	at SECURE-BOOTSTRAP/io.netty.common@4.1.97.Final/io.netty.util.internal.PlatformDependent0.<clinit>(PlatformDependent0.java:402) ~[netty-common-4.1.97.Final.jar:4.1.97.Final]
	at SECURE-BOOTSTRAP/io.netty.common@4.1.97.Final/io.netty.util.internal.PlatformDependent.isAndroid(PlatformDependent.java:333) ~[netty-common-4.1.97.Final.jar:4.1.97.Final]
	at SECURE-BOOTSTRAP/io.netty.common@4.1.97.Final/io.netty.util.internal.PlatformDependent.<clinit>(PlatformDependent.java:88) ~[netty-common-4.1.97.Final.jar:4.1.97.Final]
	at SECURE-BOOTSTRAP/io.netty.common@4.1.97.Final/io.netty.util.ConstantPool.<init>(ConstantPool.java:34) ~[netty-common-4.1.97.Final.jar:4.1.97.Final]
	at SECURE-BOOTSTRAP/io.netty.common@4.1.97.Final/io.netty.util.AttributeKey$1.<init>(AttributeKey.java:27) ~[netty-common-4.1.97.Final.jar:4.1.97.Final]
	at SECURE-BOOTSTRAP/io.netty.common@4.1.97.Final/io.netty.util.AttributeKey.<clinit>(AttributeKey.java:27) ~[netty-common-4.1.97.Final.jar:4.1.97.Final]
	at TRANSFORMER/net.minecraftforge.forge@52.0.37/net.minecraftforge.network.NetworkInitialization.<clinit>(NetworkInitialization.java:27) ~[forge-1.21.1-52.0.37_mapped_parchment_2024.06.23-1.21.jar:?]
	at TRANSFORMER/net.minecraftforge.forge@52.0.37/net.minecraftforge.common.ForgeMod.<init>(ForgeMod.java:381) ~[forge-1.21.1-52.0.37_mapped_parchment_2024.06.23-1.21.jar:?]
	at java.base/jdk.internal.reflect.DirectConstructorHandleAccessor.newInstance(DirectConstructorHandleAccessor.java:62) ~[?:?]
	at java.base/java.lang.reflect.Constructor.newInstanceWithCaller(Constructor.java:502) ~[?:?]
	at java.base/java.lang.reflect.Constructor.newInstance(Constructor.java:486) ~[?:?]
	at LAYER PLUGIN/net.minecraftforge.javafmlmod@1.21.1-52.0.37/net.minecraftforge.fml.javafmlmod.FMLModContainer.constructMod(FMLModContainer.java:145) ~[javafmllanguage-1.21.1-52.0.37.jar!/:52.0.37]
	at LAYER PLUGIN/net.minecraftforge.fmlcore@1.21.1-52.0.37/net.minecraftforge.fml.ModContainer.lambda$buildTransitionHandler$5(ModContainer.java:125) ~[fmlcore-1.21.1-52.0.37.jar!/:1.0]
	at java.base/java.util.concurrent.CompletableFuture$AsyncRun.run$$$capture(CompletableFuture.java:1804) [?:?]
	at java.base/java.util.concurrent.CompletableFuture$AsyncRun.run(CompletableFuture.java) [?:?]
	at java.base/java.util.concurrent.CompletableFuture$AsyncRun.exec(CompletableFuture.java:1796) [?:?]
	at java.base/java.util.concurrent.ForkJoinTask.doExec$$$capture(ForkJoinTask.java:387) [?:?]
	at java.base/java.util.concurrent.ForkJoinTask.doExec(ForkJoinTask.java) [?:?]
	at java.base/java.util.concurrent.ForkJoinPool$WorkQueue.topLevelExec(ForkJoinPool.java:1312) [?:?]
	at java.base/java.util.concurrent.ForkJoinPool.scan(ForkJoinPool.java:1843) [?:?]
	at java.base/java.util.concurrent.ForkJoinPool.runWorker(ForkJoinPool.java:1808) [?:?]
	at java.base/java.util.concurrent.ForkJoinWorkerThread.run(ForkJoinWorkerThread.java:188) [?:?]
[06Feb2025 14:10:53.478] [modloading-worker-0/DEBUG] [io.netty.util.internal.PlatformDependent0/]: java.nio.DirectByteBuffer.<init>(long, {int,long}): unavailable
[06Feb2025 14:10:53.478] [modloading-worker-0/DEBUG] [io.netty.util.internal.PlatformDependent/]: sun.misc.Unsafe: available
[06Feb2025 14:10:53.479] [modloading-worker-0/DEBUG] [mixin/]: Mixing MixinTemperatureHelperImpl from toughasnails.forge.mixins.json into toughasnails.temperature.TemperatureHelperImpl
[06Feb2025 14:10:53.480] [modloading-worker-0/DEBUG] [mixin/]: toughasnails.forge.mixins.json:MixinTemperatureHelperImpl: Class version 65 required is higher than the class version supported by the current version of Mixin (JAVA_17 supports class version 61)
[06Feb2025 14:10:53.480] [modloading-worker-0/DEBUG] [io.netty.util.internal.PlatformDependent/]: maxDirectMemory: 4269801472 bytes (maybe)
[06Feb2025 14:10:53.481] [modloading-worker-0/DEBUG] [io.netty.util.internal.PlatformDependent/]: -Dio.netty.tmpdir: C:\Users\pruse\AppData\Local\Temp (java.io.tmpdir)
[06Feb2025 14:10:53.481] [modloading-worker-0/DEBUG] [io.netty.util.internal.PlatformDependent/]: -Dio.netty.bitMode: 64 (sun.arch.data.model)
[06Feb2025 14:10:53.481] [modloading-worker-0/DEBUG] [io.netty.util.internal.PlatformDependent/]: Platform: Windows
[06Feb2025 14:10:53.482] [modloading-worker-0/DEBUG] [net.minecraftforge.coremod.transformer.CoreModBaseTransformer/COREMOD]: Transforming net/minecraft/world/level/biome/Biome
[06Feb2025 14:10:53.482] [modloading-worker-0/DEBUG] [io.netty.util.internal.PlatformDependent/]: -Dio.netty.maxDirectMemory: -1 bytes
[06Feb2025 14:10:53.482] [modloading-worker-0/DEBUG] [io.netty.util.internal.PlatformDependent/]: -Dio.netty.uninitializedArrayAllocationThreshold: -1
[06Feb2025 14:10:53.484] [modloading-worker-0/DEBUG] [io.netty.util.internal.CleanerJava9/]: java.nio.ByteBuffer.cleaner(): available
[06Feb2025 14:10:53.484] [modloading-worker-0/DEBUG] [io.netty.util.internal.PlatformDependent/]: -Dio.netty.noPreferDirect: false
[06Feb2025 14:10:53.489] [modloading-worker-0/DEBUG] [net.minecraftforge.fml.javafmlmod.AutomaticEventSubscriber/LOADING]: Attempting to inject @EventBusSubscriber classes into the eventbus for toughasnails
[06Feb2025 14:10:53.489] [modloading-worker-0/DEBUG] [net.minecraftforge.fml.javafmlmod.AutomaticEventSubscriber/LOADING]: Auto-subscribing toughasnails.forge.datagen.DataGenerationHandler to MOD
[06Feb2025 14:10:53.531] [modloading-worker-0/DEBUG] [net.minecraftforge.network.NetworkInitialization/FORGE_NETWORK]: Registering Network forge:login v0
[06Feb2025 14:10:53.531] [modloading-worker-0/DEBUG] [net.minecraftforge.network.NetworkInitialization/FORGE_NETWORK]: Registering Network forge:handshake v0
[06Feb2025 14:10:53.531] [modloading-worker-0/DEBUG] [net.minecraftforge.network.NetworkInitialization/FORGE_NETWORK]: Registering Network forge:handshake v0
[06Feb2025 14:10:53.532] [modloading-worker-0/DEBUG] [net.minecraftforge.network.NetworkInitialization/FORGE_NETWORK]: Registering Network forge:channel_registration v0
[06Feb2025 14:10:53.552] [modloading-worker-0/DEBUG] [net.minecraftforge.fml.config.ConfigTracker/CONFIG]: Config file forge-client.toml for forge tracking
[06Feb2025 14:10:53.552] [modloading-worker-0/DEBUG] [net.minecraftforge.fml.config.ConfigTracker/CONFIG]: Config file forge-server.toml for forge tracking
[06Feb2025 14:10:53.552] [modloading-worker-0/DEBUG] [net.minecraftforge.fml.config.ConfigTracker/CONFIG]: Config file forge-common.toml for forge tracking
[06Feb2025 14:10:53.574] [modloading-worker-0/DEBUG] [mezz.jei.common.config.file.ConfigSchema/]: Localization has not loaded yet, waiting to save the config file until JEI starts.
[06Feb2025 14:10:53.581] [modloading-worker-0/DEBUG] [mezz.jei.common.config.file.ConfigSchema/]: Localization has not loaded yet, waiting to save the config file until JEI starts.
[06Feb2025 14:10:53.586] [modloading-worker-0/DEBUG] [mezz.jei.common.config.file.ConfigSchema/]: Localization has not loaded yet, waiting to save the config file until JEI starts.
[06Feb2025 14:10:53.597] [modloading-worker-0/DEBUG] [net.minecraftforge.fml.javafmlmod.AutomaticEventSubscriber/LOADING]: Attempting to inject @EventBusSubscriber classes into the eventbus for forge
[06Feb2025 14:10:53.597] [modloading-worker-0/DEBUG] [net.minecraftforge.fml.javafmlmod.AutomaticEventSubscriber/LOADING]: Auto-subscribing net.minecraftforge.common.ForgeSpawnEggItem$CommonHandler to MOD
[06Feb2025 14:10:53.599] [modloading-worker-0/DEBUG] [mezz.jei.common.config.file.ConfigSchema/]: Localization has not loaded yet, waiting to save the config file until JEI starts.
[06Feb2025 14:10:53.599] [modloading-worker-0/DEBUG] [net.minecraftforge.fml.javafmlmod.AutomaticEventSubscriber/LOADING]: Auto-subscribing net.minecraftforge.common.ForgeSpawnEggItem$ColorRegisterHandler to MOD
[06Feb2025 14:10:53.603] [modloading-worker-0/DEBUG] [net.minecraftforge.fml.javafmlmod.AutomaticEventSubscriber/LOADING]: Auto-subscribing net.minecraftforge.client.model.data.ModelDataManager to FORGE
[06Feb2025 14:10:53.606] [modloading-worker-0/DEBUG] [net.minecraftforge.fml.javafmlmod.AutomaticEventSubscriber/LOADING]: Auto-subscribing net.minecraftforge.client.ForgeHooksClient$ClientEvents to MOD
[06Feb2025 14:10:53.608] [modloading-worker-0/INFO] [mezz.jei.library.load.PluginCaller/]: Sending ConfigManager...
[06Feb2025 14:10:53.612] [modloading-worker-0/DEBUG] [net.minecraftforge.fml.javafmlmod.AutomaticEventSubscriber/LOADING]: Auto-subscribing net.minecraftforge.client.ClientForgeMod to MOD
[06Feb2025 14:10:53.623] [modloading-worker-0/DEBUG] [mezz.jei.library.load.PluginCallerTimerRunnable/]: Sending ConfigManager: jei:minecraft...
[06Feb2025 14:10:53.623] [modloading-worker-0/DEBUG] [mezz.jei.library.load.PluginCallerTimerRunnable/]: Sending ConfigManager: travelersbackpack:travelersbackpack...
[06Feb2025 14:10:53.623] [modloading-worker-0/DEBUG] [mezz.jei.library.load.PluginCallerTimerRunnable/]: Sending ConfigManager: jei:debug...
[06Feb2025 14:10:53.623] [modloading-worker-0/DEBUG] [mezz.jei.library.load.PluginCallerTimerRunnable/]: Sending ConfigManager: jei:gui...
[06Feb2025 14:10:53.623] [modloading-worker-0/DEBUG] [mezz.jei.library.load.PluginCallerTimerRunnable/]: Sending ConfigManager: jei:forge_gui...
[06Feb2025 14:10:53.623] [modloading-worker-0/DEBUG] [mezz.jei.library.load.PluginCallerTimerRunnable/]: Sending ConfigManager: jei:internal...
[06Feb2025 14:10:53.625] [modloading-worker-0/INFO] [mezz.jei.library.load.PluginCaller/]: Sending ConfigManager took 13.88 ms
[06Feb2025 14:10:53.631] [modloading-worker-0/DEBUG] [mixin/]: Mixing MixinRecipeManager from polymorph.mixins.json into net.minecraft.world.item.crafting.RecipeManager
[06Feb2025 14:10:53.632] [modloading-worker-0/DEBUG] [mixin/]: polymorph.mixins.json:MixinRecipeManager: Class version 65 required is higher than the class version supported by the current version of Mixin (JAVA_17 supports class version 61)
[06Feb2025 14:10:53.632] [modloading-worker-0/DEBUG] [mixin/]: Renaming synthetic method lambda$polymorph$getRecipe$0(Lorg/spongepowered/asm/mixin/injection/callback/CallbackInfoReturnable;Lnet/minecraft/world/item/crafting/RecipeHolder;)V to md3cceb0$polymorph$lambda$polymorph$getRecipe$0$0 in polymorph.mixins.json:MixinRecipeManager
[06Feb2025 14:10:53.647] [modloading-worker-0/DEBUG] [net.minecraftforge.fml.javafmlmod.AutomaticEventSubscriber/LOADING]: Attempting to inject @EventBusSubscriber classes into the eventbus for jei
[06Feb2025 14:10:53.868] [modloading-worker-0/DEBUG] [net.minecraftforge.fml.javafmlmod.AutomaticEventSubscriber/LOADING]: Attempting to inject @EventBusSubscriber classes into the eventbus for travelersbackpack
[06Feb2025 14:10:53.868] [modloading-worker-0/DEBUG] [net.minecraftforge.fml.javafmlmod.AutomaticEventSubscriber/LOADING]: Auto-subscribing com.tiviacz.travelersbackpack.handlers.ModClientEventHandler to MOD
[06Feb2025 14:10:53.878] [modloading-worker-0/DEBUG] [net.minecraftforge.fml.javafmlmod.AutomaticEventSubscriber/LOADING]: Auto-subscribing com.tiviacz.travelersbackpack.handlers.ModEventHandler to MOD
[06Feb2025 14:10:53.880] [modloading-worker-0/DEBUG] [net.minecraftforge.fml.javafmlmod.AutomaticEventSubscriber/LOADING]: Auto-subscribing com.tiviacz.travelersbackpack.handlers.NeoForgeClientEventHandler to FORGE
[06Feb2025 14:10:53.890] [modloading-worker-0/DEBUG] [net.minecraftforge.fml.javafmlmod.AutomaticEventSubscriber/LOADING]: Auto-subscribing com.tiviacz.travelersbackpack.handlers.NeoForgeEventHandler to FORGE
[06Feb2025 14:10:53.911] [modloading-worker-0/DEBUG] [net.minecraftforge.fml.javafmlmod.AutomaticEventSubscriber/LOADING]: Auto-subscribing com.tiviacz.travelersbackpack.init.ModLayers to MOD
[06Feb2025 14:10:53.923] [main/DEBUG] [net.minecraftforge.registries.ObjectHolderRegistry/REGISTRIES]: Processing ObjectHolder annotations
[06Feb2025 14:10:53.932] [main/DEBUG] [net.minecraftforge.common.capabilities.CapabilityManager/CAPABILITIES]: Attempting to automatically register: Lcom/tiviacz/travelersbackpack/capability/ITravelersBackpack;
[06Feb2025 14:10:53.935] [main/DEBUG] [net.minecraftforge.common.capabilities.CapabilityManager/CAPABILITIES]: Attempting to automatically register: Lnet/minecraftforge/energy/IEnergyStorage;
[06Feb2025 14:10:53.936] [main/DEBUG] [net.minecraftforge.common.capabilities.CapabilityManager/CAPABILITIES]: Attempting to automatically register: Lnet/minecraftforge/fluids/capability/IFluidHandler;
[06Feb2025 14:10:53.936] [main/DEBUG] [net.minecraftforge.common.capabilities.CapabilityManager/CAPABILITIES]: Attempting to automatically register: Lnet/minecraftforge/fluids/capability/IFluidHandlerItem;
[06Feb2025 14:10:53.936] [main/DEBUG] [net.minecraftforge.common.capabilities.CapabilityManager/CAPABILITIES]: Attempting to automatically register: Lnet/minecraftforge/items/IItemHandler;
[06Feb2025 14:10:53.936] [main/DEBUG] [net.minecraftforge.registries.GameData/REGISTRIES]: Unfreezing vanilla registries
[06Feb2025 14:10:53.952] [main/DEBUG] [net.minecraftforge.registries.GameData/REGISTRIES]: Applying holder lookups: minecraft:sound_event
[06Feb2025 14:10:53.953] [main/DEBUG] [net.minecraftforge.registries.GameData/REGISTRIES]: Holder lookups applied: minecraft:sound_event
[06Feb2025 14:10:53.957] [main/DEBUG] [net.minecraftforge.registries.GameData/REGISTRIES]: Applying holder lookups: minecraft:fluid
[06Feb2025 14:10:53.958] [main/DEBUG] [net.minecraftforge.registries.GameData/REGISTRIES]: Holder lookups applied: minecraft:fluid
[06Feb2025 14:10:53.960] [main/DEBUG] [mixin/]: Mixing MixinThermoregulatorBlockEntity from toughasnails.forge.mixins.json into toughasnails.block.entity.ThermoregulatorBlockEntity
[06Feb2025 14:10:53.960] [main/DEBUG] [mixin/]: toughasnails.forge.mixins.json:MixinThermoregulatorBlockEntity: Class version 65 required is higher than the class version supported by the current version of Mixin (JAVA_17 supports class version 61)
[06Feb2025 14:10:53.972] [main/DEBUG] [mixin/]: Mixing MixinWaterPurifierBlockEntity from toughasnails.forge.mixins.json into toughasnails.block.entity.WaterPurifierBlockEntity
[06Feb2025 14:10:53.973] [main/DEBUG] [mixin/]: toughasnails.forge.mixins.json:MixinWaterPurifierBlockEntity: Class version 65 required is higher than the class version supported by the current version of Mixin (JAVA_17 supports class version 61)
[06Feb2025 14:10:54.021] [main/DEBUG] [net.minecraftforge.registries.GameData/REGISTRIES]: Applying holder lookups: minecraft:block
[06Feb2025 14:10:54.022] [main/DEBUG] [net.minecraftforge.registries.GameData/REGISTRIES]: Holder lookups applied: minecraft:block
[06Feb2025 14:10:54.022] [main/DEBUG] [net.minecraftforge.registries.GameData/REGISTRIES]: Applying holder lookups: minecraft:attribute
[06Feb2025 14:10:54.022] [main/DEBUG] [net.minecraftforge.registries.GameData/REGISTRIES]: Holder lookups applied: minecraft:attribute
[06Feb2025 14:10:54.024] [main/DEBUG] [net.minecraftforge.registries.GameData/REGISTRIES]: Applying holder lookups: minecraft:mob_effect
[06Feb2025 14:10:54.024] [main/DEBUG] [net.minecraftforge.registries.GameData/REGISTRIES]: Holder lookups applied: minecraft:mob_effect
[06Feb2025 14:10:54.024] [main/DEBUG] [net.minecraftforge.registries.GameData/REGISTRIES]: Applying holder lookups: minecraft:particle_type
[06Feb2025 14:10:54.025] [main/DEBUG] [net.minecraftforge.registries.GameData/REGISTRIES]: Holder lookups applied: minecraft:particle_type
[06Feb2025 14:10:54.044] [main/DEBUG] [net.minecraftforge.registries.GameData/REGISTRIES]: Applying holder lookups: minecraft:data_component_type
[06Feb2025 14:10:54.044] [main/DEBUG] [net.minecraftforge.registries.GameData/REGISTRIES]: Holder lookups applied: minecraft:data_component_type
[06Feb2025 14:10:54.044] [main/DEBUG] [net.minecraftforge.registries.GameData/REGISTRIES]: Applying holder lookups: minecraft:enchantment_effect_component_type
[06Feb2025 14:10:54.046] [main/DEBUG] [net.minecraftforge.registries.GameData/REGISTRIES]: Holder lookups applied: minecraft:enchantment_effect_component_type
[06Feb2025 14:10:54.087] [main/DEBUG] [net.minecraftforge.registries.GameData/REGISTRIES]: Applying holder lookups: minecraft:item
[06Feb2025 14:10:54.087] [main/DEBUG] [net.minecraftforge.registries.GameData/REGISTRIES]: Holder lookups applied: minecraft:item
[06Feb2025 14:10:54.090] [main/DEBUG] [net.minecraftforge.registries.GameData/REGISTRIES]: Applying holder lookups: minecraft:entity_type
[06Feb2025 14:10:54.090] [main/DEBUG] [net.minecraftforge.registries.GameData/REGISTRIES]: Holder lookups applied: minecraft:entity_type
[06Feb2025 14:10:54.090] [main/DEBUG] [net.minecraftforge.registries.GameData/REGISTRIES]: Applying holder lookups: minecraft:armor_material
[06Feb2025 14:10:54.090] [main/DEBUG] [net.minecraftforge.registries.GameData/REGISTRIES]: Holder lookups applied: minecraft:armor_material
[06Feb2025 14:10:54.090] [main/DEBUG] [net.minecraftforge.registries.GameData/REGISTRIES]: Applying holder lookups: minecraft:game_event
[06Feb2025 14:10:54.090] [main/DEBUG] [net.minecraftforge.registries.GameData/REGISTRIES]: Holder lookups applied: minecraft:game_event
[06Feb2025 14:10:54.091] [main/DEBUG] [net.minecraftforge.registries.GameData/REGISTRIES]: Applying holder lookups: minecraft:potion
[06Feb2025 14:10:54.092] [main/DEBUG] [net.minecraftforge.registries.GameData/REGISTRIES]: Holder lookups applied: minecraft:potion
[06Feb2025 14:10:54.105] [main/DEBUG] [net.minecraftforge.registries.GameData/REGISTRIES]: Applying holder lookups: minecraft:block_entity_type
[06Feb2025 14:10:54.105] [main/DEBUG] [net.minecraftforge.registries.GameData/REGISTRIES]: Holder lookups applied: minecraft:block_entity_type
[06Feb2025 14:10:54.105] [main/DEBUG] [net.minecraftforge.registries.GameData/REGISTRIES]: Applying holder lookups: minecraft:stat_type
[06Feb2025 14:10:54.107] [main/DEBUG] [net.minecraftforge.registries.GameData/REGISTRIES]: Holder lookups applied: minecraft:stat_type
[06Feb2025 14:10:54.107] [main/DEBUG] [net.minecraftforge.registries.GameData/REGISTRIES]: Applying holder lookups: minecraft:custom_stat
[06Feb2025 14:10:54.107] [main/DEBUG] [net.minecraftforge.registries.GameData/REGISTRIES]: Holder lookups applied: minecraft:custom_stat
[06Feb2025 14:10:54.107] [main/DEBUG] [net.minecraftforge.registries.GameData/REGISTRIES]: Applying holder lookups: minecraft:chunk_status
[06Feb2025 14:10:54.107] [main/DEBUG] [net.minecraftforge.registries.GameData/REGISTRIES]: Holder lookups applied: minecraft:chunk_status
[06Feb2025 14:10:54.107] [main/DEBUG] [net.minecraftforge.registries.GameData/REGISTRIES]: Applying holder lookups: minecraft:rule_test
[06Feb2025 14:10:54.107] [main/DEBUG] [net.minecraftforge.registries.GameData/REGISTRIES]: Holder lookups applied: minecraft:rule_test
[06Feb2025 14:10:54.107] [main/DEBUG] [net.minecraftforge.registries.GameData/REGISTRIES]: Applying holder lookups: minecraft:rule_block_entity_modifier
[06Feb2025 14:10:54.107] [main/DEBUG] [net.minecraftforge.registries.GameData/REGISTRIES]: Holder lookups applied: minecraft:rule_block_entity_modifier
[06Feb2025 14:10:54.107] [main/DEBUG] [net.minecraftforge.registries.GameData/REGISTRIES]: Applying holder lookups: minecraft:pos_rule_test
[06Feb2025 14:10:54.107] [main/DEBUG] [net.minecraftforge.registries.GameData/REGISTRIES]: Holder lookups applied: minecraft:pos_rule_test
[06Feb2025 14:10:54.171] [main/DEBUG] [net.minecraftforge.registries.GameData/REGISTRIES]: Applying holder lookups: minecraft:menu
[06Feb2025 14:10:54.173] [main/DEBUG] [net.minecraftforge.registries.GameData/REGISTRIES]: Holder lookups applied: minecraft:menu
[06Feb2025 14:10:54.174] [main/DEBUG] [net.minecraftforge.registries.GameData/REGISTRIES]: Applying holder lookups: minecraft:recipe_type
[06Feb2025 14:10:54.174] [main/DEBUG] [net.minecraftforge.registries.GameData/REGISTRIES]: Holder lookups applied: minecraft:recipe_type
[06Feb2025 14:10:54.203] [main/DEBUG] [net.minecraftforge.registries.GameData/REGISTRIES]: Applying holder lookups: minecraft:recipe_serializer
[06Feb2025 14:10:54.203] [main/DEBUG] [net.minecraftforge.registries.GameData/REGISTRIES]: Holder lookups applied: minecraft:recipe_serializer
[06Feb2025 14:10:54.203] [main/DEBUG] [net.minecraftforge.registries.GameData/REGISTRIES]: Applying holder lookups: minecraft:position_source_type
[06Feb2025 14:10:54.205] [main/DEBUG] [net.minecraftforge.registries.GameData/REGISTRIES]: Holder lookups applied: minecraft:position_source_type
[06Feb2025 14:10:54.207] [main/DEBUG] [net.minecraftforge.registries.GameData/REGISTRIES]: Applying holder lookups: minecraft:command_argument_type
[06Feb2025 14:10:54.207] [main/DEBUG] [net.minecraftforge.registries.GameData/REGISTRIES]: Holder lookups applied: minecraft:command_argument_type
[06Feb2025 14:10:54.207] [main/DEBUG] [net.minecraftforge.registries.GameData/REGISTRIES]: Applying holder lookups: minecraft:villager_type
[06Feb2025 14:10:54.207] [main/DEBUG] [net.minecraftforge.registries.GameData/REGISTRIES]: Holder lookups applied: minecraft:villager_type
[06Feb2025 14:10:54.223] [main/DEBUG] [net.minecraftforge.registries.GameData/REGISTRIES]: Applying holder lookups: minecraft:villager_profession
[06Feb2025 14:10:54.223] [main/DEBUG] [net.minecraftforge.registries.GameData/REGISTRIES]: Holder lookups applied: minecraft:villager_profession
[06Feb2025 14:10:54.225] [main/DEBUG] [net.minecraftforge.registries.GameData/REGISTRIES]: Applying holder lookups: minecraft:point_of_interest_type
[06Feb2025 14:10:54.225] [main/DEBUG] [net.minecraftforge.registries.GameData/REGISTRIES]: Holder lookups applied: minecraft:point_of_interest_type
[06Feb2025 14:10:54.225] [main/DEBUG] [net.minecraftforge.registries.GameData/REGISTRIES]: Applying holder lookups: minecraft:memory_module_type
[06Feb2025 14:10:54.225] [main/DEBUG] [net.minecraftforge.registries.GameData/REGISTRIES]: Holder lookups applied: minecraft:memory_module_type
[06Feb2025 14:10:54.227] [main/DEBUG] [net.minecraftforge.registries.GameData/REGISTRIES]: Applying holder lookups: minecraft:sensor_type
[06Feb2025 14:10:54.227] [main/DEBUG] [net.minecraftforge.registries.GameData/REGISTRIES]: Holder lookups applied: minecraft:sensor_type
[06Feb2025 14:10:54.227] [main/DEBUG] [net.minecraftforge.registries.GameData/REGISTRIES]: Applying holder lookups: minecraft:schedule
[06Feb2025 14:10:54.227] [main/DEBUG] [net.minecraftforge.registries.GameData/REGISTRIES]: Holder lookups applied: minecraft:schedule
[06Feb2025 14:10:54.227] [main/DEBUG] [net.minecraftforge.registries.GameData/REGISTRIES]: Applying holder lookups: minecraft:activity
[06Feb2025 14:10:54.227] [main/DEBUG] [net.minecraftforge.registries.GameData/REGISTRIES]: Holder lookups applied: minecraft:activity
[06Feb2025 14:10:54.227] [main/DEBUG] [net.minecraftforge.registries.GameData/REGISTRIES]: Applying holder lookups: minecraft:loot_number_provider_type
[06Feb2025 14:10:54.227] [main/DEBUG] [net.minecraftforge.registries.GameData/REGISTRIES]: Holder lookups applied: minecraft:loot_number_provider_type
[06Feb2025 14:10:54.227] [main/DEBUG] [net.minecraftforge.registries.GameData/REGISTRIES]: Applying holder lookups: minecraft:loot_score_provider_type
[06Feb2025 14:10:54.228] [main/DEBUG] [net.minecraftforge.registries.GameData/REGISTRIES]: Holder lookups applied: minecraft:loot_score_provider_type
[06Feb2025 14:10:54.228] [main/DEBUG] [net.minecraftforge.registries.GameData/REGISTRIES]: Applying holder lookups: minecraft:loot_function_type
[06Feb2025 14:10:54.228] [main/DEBUG] [net.minecraftforge.registries.GameData/REGISTRIES]: Holder lookups applied: minecraft:loot_function_type
[06Feb2025 14:10:54.228] [main/DEBUG] [net.minecraftforge.registries.GameData/REGISTRIES]: Applying holder lookups: minecraft:map_decoration_type
[06Feb2025 14:10:54.228] [main/DEBUG] [net.minecraftforge.registries.GameData/REGISTRIES]: Holder lookups applied: minecraft:map_decoration_type
[06Feb2025 14:10:54.228] [main/DEBUG] [net.minecraftforge.registries.GameData/REGISTRIES]: Applying holder lookups: minecraft:loot_nbt_provider_type
[06Feb2025 14:10:54.228] [main/DEBUG] [net.minecraftforge.registries.GameData/REGISTRIES]: Holder lookups applied: minecraft:loot_nbt_provider_type
[06Feb2025 14:10:54.228] [main/DEBUG] [net.minecraftforge.registries.GameData/REGISTRIES]: Applying holder lookups: minecraft:loot_pool_entry_type
[06Feb2025 14:10:54.228] [main/DEBUG] [net.minecraftforge.registries.GameData/REGISTRIES]: Holder lookups applied: minecraft:loot_pool_entry_type
[06Feb2025 14:10:54.237] [main/DEBUG] [net.minecraftforge.registries.GameData/REGISTRIES]: Applying holder lookups: minecraft:loot_condition_type
[06Feb2025 14:10:54.237] [main/DEBUG] [net.minecraftforge.registries.GameData/REGISTRIES]: Holder lookups applied: minecraft:loot_condition_type
[06Feb2025 14:10:54.237] [main/DEBUG] [net.minecraftforge.registries.GameData/REGISTRIES]: Applying holder lookups: minecraft:float_provider_type
[06Feb2025 14:10:54.237] [main/DEBUG] [net.minecraftforge.registries.GameData/REGISTRIES]: Holder lookups applied: minecraft:float_provider_type
[06Feb2025 14:10:54.237] [main/DEBUG] [net.minecraftforge.registries.GameData/REGISTRIES]: Applying holder lookups: minecraft:int_provider_type
[06Feb2025 14:10:54.238] [main/DEBUG] [net.minecraftforge.registries.GameData/REGISTRIES]: Holder lookups applied: minecraft:int_provider_type
[06Feb2025 14:10:54.238] [main/DEBUG] [net.minecraftforge.registries.GameData/REGISTRIES]: Applying holder lookups: minecraft:height_provider_type
[06Feb2025 14:10:54.238] [main/DEBUG] [net.minecraftforge.registries.GameData/REGISTRIES]: Holder lookups applied: minecraft:height_provider_type
[06Feb2025 14:10:54.238] [main/DEBUG] [net.minecraftforge.registries.GameData/REGISTRIES]: Applying holder lookups: minecraft:block_predicate_type
[06Feb2025 14:10:54.238] [main/DEBUG] [net.minecraftforge.registries.GameData/REGISTRIES]: Holder lookups applied: minecraft:block_predicate_type
[06Feb2025 14:10:54.238] [main/DEBUG] [net.minecraftforge.registries.GameData/REGISTRIES]: Applying holder lookups: minecraft:worldgen/carver
[06Feb2025 14:10:54.238] [main/DEBUG] [net.minecraftforge.registries.GameData/REGISTRIES]: Holder lookups applied: minecraft:worldgen/carver
[06Feb2025 14:10:54.238] [main/DEBUG] [net.minecraftforge.registries.GameData/REGISTRIES]: Applying holder lookups: minecraft:worldgen/feature
[06Feb2025 14:10:54.239] [main/DEBUG] [net.minecraftforge.registries.GameData/REGISTRIES]: Holder lookups applied: minecraft:worldgen/feature
[06Feb2025 14:10:54.239] [main/DEBUG] [net.minecraftforge.registries.GameData/REGISTRIES]: Applying holder lookups: minecraft:worldgen/structure_processor
[06Feb2025 14:10:54.239] [main/DEBUG] [net.minecraftforge.registries.GameData/REGISTRIES]: Holder lookups applied: minecraft:worldgen/structure_processor
[06Feb2025 14:10:54.239] [main/DEBUG] [net.minecraftforge.registries.GameData/REGISTRIES]: Applying holder lookups: minecraft:worldgen/structure_placement
[06Feb2025 14:10:54.239] [main/DEBUG] [net.minecraftforge.registries.GameData/REGISTRIES]: Holder lookups applied: minecraft:worldgen/structure_placement
[06Feb2025 14:10:54.240] [main/DEBUG] [net.minecraftforge.registries.GameData/REGISTRIES]: Applying holder lookups: minecraft:worldgen/structure_piece
[06Feb2025 14:10:54.240] [main/DEBUG] [net.minecraftforge.registries.GameData/REGISTRIES]: Holder lookups applied: minecraft:worldgen/structure_piece
[06Feb2025 14:10:54.240] [main/DEBUG] [net.minecraftforge.registries.GameData/REGISTRIES]: Applying holder lookups: minecraft:worldgen/structure_type
[06Feb2025 14:10:54.240] [main/DEBUG] [net.minecraftforge.registries.GameData/REGISTRIES]: Holder lookups applied: minecraft:worldgen/structure_type
[06Feb2025 14:10:54.240] [main/DEBUG] [net.minecraftforge.registries.GameData/REGISTRIES]: Applying holder lookups: minecraft:worldgen/placement_modifier_type
[06Feb2025 14:10:54.240] [main/DEBUG] [net.minecraftforge.registries.GameData/REGISTRIES]: Holder lookups applied: minecraft:worldgen/placement_modifier_type
[06Feb2025 14:10:54.241] [main/DEBUG] [net.minecraftforge.registries.GameData/REGISTRIES]: Applying holder lookups: minecraft:worldgen/block_state_provider_type
[06Feb2025 14:10:54.241] [main/DEBUG] [net.minecraftforge.registries.GameData/REGISTRIES]: Holder lookups applied: minecraft:worldgen/block_state_provider_type
[06Feb2025 14:10:54.241] [main/DEBUG] [net.minecraftforge.registries.GameData/REGISTRIES]: Applying holder lookups: minecraft:worldgen/foliage_placer_type
[06Feb2025 14:10:54.241] [main/DEBUG] [net.minecraftforge.registries.GameData/REGISTRIES]: Holder lookups applied: minecraft:worldgen/foliage_placer_type
[06Feb2025 14:10:54.241] [main/DEBUG] [net.minecraftforge.registries.GameData/REGISTRIES]: Applying holder lookups: minecraft:worldgen/trunk_placer_type
[06Feb2025 14:10:54.241] [main/DEBUG] [net.minecraftforge.registries.GameData/REGISTRIES]: Holder lookups applied: minecraft:worldgen/trunk_placer_type
[06Feb2025 14:10:54.241] [main/DEBUG] [net.minecraftforge.registries.GameData/REGISTRIES]: Applying holder lookups: minecraft:worldgen/root_placer_type
[06Feb2025 14:10:54.241] [main/DEBUG] [net.minecraftforge.registries.GameData/REGISTRIES]: Holder lookups applied: minecraft:worldgen/root_placer_type
[06Feb2025 14:10:54.241] [main/DEBUG] [net.minecraftforge.registries.GameData/REGISTRIES]: Applying holder lookups: minecraft:worldgen/tree_decorator_type
[06Feb2025 14:10:54.241] [main/DEBUG] [net.minecraftforge.registries.GameData/REGISTRIES]: Holder lookups applied: minecraft:worldgen/tree_decorator_type
[06Feb2025 14:10:54.241] [main/DEBUG] [net.minecraftforge.registries.GameData/REGISTRIES]: Applying holder lookups: minecraft:worldgen/feature_size_type
[06Feb2025 14:10:54.241] [main/DEBUG] [net.minecraftforge.registries.GameData/REGISTRIES]: Holder lookups applied: minecraft:worldgen/feature_size_type
[06Feb2025 14:10:54.241] [main/DEBUG] [net.minecraftforge.registries.GameData/REGISTRIES]: Applying holder lookups: minecraft:worldgen/biome_source
[06Feb2025 14:10:54.241] [main/DEBUG] [net.minecraftforge.registries.GameData/REGISTRIES]: Holder lookups applied: minecraft:worldgen/biome_source
[06Feb2025 14:10:54.243] [main/DEBUG] [net.minecraftforge.registries.GameData/REGISTRIES]: Applying holder lookups: minecraft:worldgen/chunk_generator
[06Feb2025 14:10:54.243] [main/DEBUG] [net.minecraftforge.registries.GameData/REGISTRIES]: Holder lookups applied: minecraft:worldgen/chunk_generator
[06Feb2025 14:10:54.243] [main/DEBUG] [net.minecraftforge.registries.GameData/REGISTRIES]: Applying holder lookups: minecraft:worldgen/material_condition
[06Feb2025 14:10:54.243] [main/DEBUG] [net.minecraftforge.registries.GameData/REGISTRIES]: Holder lookups applied: minecraft:worldgen/material_condition
[06Feb2025 14:10:54.243] [main/DEBUG] [net.minecraftforge.registries.GameData/REGISTRIES]: Applying holder lookups: minecraft:worldgen/material_rule
[06Feb2025 14:10:54.243] [main/DEBUG] [net.minecraftforge.registries.GameData/REGISTRIES]: Holder lookups applied: minecraft:worldgen/material_rule
[06Feb2025 14:10:54.243] [main/DEBUG] [net.minecraftforge.registries.GameData/REGISTRIES]: Applying holder lookups: minecraft:worldgen/density_function_type
[06Feb2025 14:10:54.243] [main/DEBUG] [net.minecraftforge.registries.GameData/REGISTRIES]: Holder lookups applied: minecraft:worldgen/density_function_type
[06Feb2025 14:10:54.243] [main/DEBUG] [net.minecraftforge.registries.GameData/REGISTRIES]: Applying holder lookups: minecraft:block_type
[06Feb2025 14:10:54.243] [main/DEBUG] [net.minecraftforge.registries.GameData/REGISTRIES]: Holder lookups applied: minecraft:block_type
[06Feb2025 14:10:54.243] [main/DEBUG] [net.minecraftforge.registries.GameData/REGISTRIES]: Applying holder lookups: minecraft:worldgen/structure_pool_element
[06Feb2025 14:10:54.243] [main/DEBUG] [net.minecraftforge.registries.GameData/REGISTRIES]: Holder lookups applied: minecraft:worldgen/structure_pool_element
[06Feb2025 14:10:54.243] [main/DEBUG] [net.minecraftforge.registries.GameData/REGISTRIES]: Applying holder lookups: minecraft:worldgen/pool_alias_binding
[06Feb2025 14:10:54.243] [main/DEBUG] [net.minecraftforge.registries.GameData/REGISTRIES]: Holder lookups applied: minecraft:worldgen/pool_alias_binding
[06Feb2025 14:10:54.244] [main/DEBUG] [net.minecraftforge.registries.GameData/REGISTRIES]: Applying holder lookups: minecraft:cat_variant
[06Feb2025 14:10:54.244] [main/DEBUG] [net.minecraftforge.registries.GameData/REGISTRIES]: Holder lookups applied: minecraft:cat_variant
[06Feb2025 14:10:54.244] [main/DEBUG] [net.minecraftforge.registries.GameData/REGISTRIES]: Applying holder lookups: minecraft:frog_variant
[06Feb2025 14:10:54.244] [main/DEBUG] [net.minecraftforge.registries.GameData/REGISTRIES]: Holder lookups applied: minecraft:frog_variant
[06Feb2025 14:10:54.244] [main/DEBUG] [net.minecraftforge.registries.GameData/REGISTRIES]: Applying holder lookups: minecraft:instrument
[06Feb2025 14:10:54.244] [main/DEBUG] [net.minecraftforge.registries.GameData/REGISTRIES]: Holder lookups applied: minecraft:instrument
[06Feb2025 14:10:54.244] [main/DEBUG] [net.minecraftforge.registries.GameData/REGISTRIES]: Applying holder lookups: minecraft:decorated_pot_pattern
[06Feb2025 14:10:54.244] [main/DEBUG] [net.minecraftforge.registries.GameData/REGISTRIES]: Holder lookups applied: minecraft:decorated_pot_pattern
[06Feb2025 14:10:54.249] [main/DEBUG] [net.minecraftforge.registries.GameData/REGISTRIES]: Applying holder lookups: minecraft:creative_mode_tab
[06Feb2025 14:10:54.249] [main/DEBUG] [net.minecraftforge.registries.GameData/REGISTRIES]: Holder lookups applied: minecraft:creative_mode_tab
[06Feb2025 14:10:54.249] [main/DEBUG] [net.minecraftforge.registries.GameData/REGISTRIES]: Applying holder lookups: minecraft:trigger_type
[06Feb2025 14:10:54.249] [main/DEBUG] [net.minecraftforge.registries.GameData/REGISTRIES]: Holder lookups applied: minecraft:trigger_type
[06Feb2025 14:10:54.249] [main/DEBUG] [net.minecraftforge.registries.GameData/REGISTRIES]: Applying holder lookups: minecraft:number_format_type
[06Feb2025 14:10:54.249] [main/DEBUG] [net.minecraftforge.registries.GameData/REGISTRIES]: Holder lookups applied: minecraft:number_format_type
[06Feb2025 14:10:54.249] [main/DEBUG] [net.minecraftforge.registries.GameData/REGISTRIES]: Applying holder lookups: minecraft:entity_sub_predicate_type
[06Feb2025 14:10:54.249] [main/DEBUG] [net.minecraftforge.registries.GameData/REGISTRIES]: Holder lookups applied: minecraft:entity_sub_predicate_type
[06Feb2025 14:10:54.250] [main/DEBUG] [net.minecraftforge.registries.GameData/REGISTRIES]: Applying holder lookups: minecraft:item_sub_predicate_type
[06Feb2025 14:10:54.250] [main/DEBUG] [net.minecraftforge.registries.GameData/REGISTRIES]: Holder lookups applied: minecraft:item_sub_predicate_type
[06Feb2025 14:10:54.250] [main/DEBUG] [net.minecraftforge.registries.GameData/REGISTRIES]: Applying holder lookups: minecraft:enchantment_level_based_value_type
[06Feb2025 14:10:54.250] [main/DEBUG] [net.minecraftforge.registries.GameData/REGISTRIES]: Holder lookups applied: minecraft:enchantment_level_based_value_type
[06Feb2025 14:10:54.250] [main/DEBUG] [net.minecraftforge.registries.GameData/REGISTRIES]: Applying holder lookups: minecraft:enchantment_entity_effect_type
[06Feb2025 14:10:54.250] [main/DEBUG] [net.minecraftforge.registries.GameData/REGISTRIES]: Holder lookups applied: minecraft:enchantment_entity_effect_type
[06Feb2025 14:10:54.250] [main/DEBUG] [net.minecraftforge.registries.GameData/REGISTRIES]: Applying holder lookups: minecraft:enchantment_location_based_effect_type
[06Feb2025 14:10:54.250] [main/DEBUG] [net.minecraftforge.registries.GameData/REGISTRIES]: Holder lookups applied: minecraft:enchantment_location_based_effect_type
[06Feb2025 14:10:54.250] [main/DEBUG] [net.minecraftforge.registries.GameData/REGISTRIES]: Applying holder lookups: minecraft:enchantment_value_effect_type
[06Feb2025 14:10:54.250] [main/DEBUG] [net.minecraftforge.registries.GameData/REGISTRIES]: Holder lookups applied: minecraft:enchantment_value_effect_type
[06Feb2025 14:10:54.251] [main/DEBUG] [net.minecraftforge.registries.GameData/REGISTRIES]: Applying holder lookups: minecraft:enchantment_provider_type
[06Feb2025 14:10:54.251] [main/DEBUG] [net.minecraftforge.registries.GameData/REGISTRIES]: Holder lookups applied: minecraft:enchantment_provider_type
[06Feb2025 14:10:54.272] [main/DEBUG] [net.minecraftforge.registries.GameData/REGISTRIES]: Applying holder lookups: forge:biome_modifier_serializers
[06Feb2025 14:10:54.272] [main/DEBUG] [net.minecraftforge.registries.GameData/REGISTRIES]: Holder lookups applied: forge:biome_modifier_serializers
[06Feb2025 14:10:54.292] [main/DEBUG] [net.minecraftforge.registries.GameData/REGISTRIES]: Applying holder lookups: forge:condition_codecs
[06Feb2025 14:10:54.293] [main/DEBUG] [net.minecraftforge.registries.GameData/REGISTRIES]: Holder lookups applied: forge:condition_codecs
[06Feb2025 14:10:54.295] [main/DEBUG] [net.minecraftforge.registries.GameData/REGISTRIES]: Applying holder lookups: forge:display_contexts
[06Feb2025 14:10:54.295] [main/DEBUG] [net.minecraftforge.registries.GameData/REGISTRIES]: Holder lookups applied: forge:display_contexts
[06Feb2025 14:10:54.295] [main/DEBUG] [net.minecraftforge.registries.GameData/REGISTRIES]: Applying holder lookups: forge:entity_data_serializers
[06Feb2025 14:10:54.295] [main/DEBUG] [net.minecraftforge.registries.GameData/REGISTRIES]: Holder lookups applied: forge:entity_data_serializers
[06Feb2025 14:10:54.303] [main/DEBUG] [net.minecraftforge.registries.GameData/REGISTRIES]: Applying holder lookups: forge:fluid_type
[06Feb2025 14:10:54.303] [main/DEBUG] [net.minecraftforge.registries.GameData/REGISTRIES]: Holder lookups applied: forge:fluid_type
[06Feb2025 14:10:54.313] [main/DEBUG] [net.minecraftforge.registries.GameData/REGISTRIES]: Applying holder lookups: forge:global_loot_modifier_serializers
[06Feb2025 14:10:54.313] [main/DEBUG] [net.minecraftforge.registries.GameData/REGISTRIES]: Holder lookups applied: forge:global_loot_modifier_serializers
[06Feb2025 14:10:54.320] [main/DEBUG] [net.minecraftforge.registries.GameData/REGISTRIES]: Applying holder lookups: forge:holder_set_type
[06Feb2025 14:10:54.320] [main/DEBUG] [net.minecraftforge.registries.GameData/REGISTRIES]: Holder lookups applied: forge:holder_set_type
[06Feb2025 14:10:54.332] [main/DEBUG] [net.minecraftforge.registries.GameData/REGISTRIES]: Applying holder lookups: forge:ingredient_serializers
[06Feb2025 14:10:54.332] [main/DEBUG] [net.minecraftforge.registries.GameData/REGISTRIES]: Holder lookups applied: forge:ingredient_serializers
[06Feb2025 14:10:54.333] [main/DEBUG] [net.minecraftforge.registries.GameData/REGISTRIES]: Applying holder lookups: forge:structure_modifier_serializers
[06Feb2025 14:10:54.334] [main/DEBUG] [net.minecraftforge.registries.GameData/REGISTRIES]: Holder lookups applied: forge:structure_modifier_serializers
[06Feb2025 14:10:54.334] [main/DEBUG] [net.minecraftforge.registries.GameData/REGISTRIES]: Applying holder lookups: minecraft:painting_variant
[06Feb2025 14:10:54.334] [main/DEBUG] [net.minecraftforge.registries.GameData/REGISTRIES]: Holder lookups applied: minecraft:painting_variant
[06Feb2025 14:10:54.334] [main/DEBUG] [net.minecraftforge.registries.GameData/REGISTRIES]: Applying holder lookups: minecraft:worldgen/biome
[06Feb2025 14:10:54.334] [main/DEBUG] [net.minecraftforge.registries.GameData/REGISTRIES]: Holder lookups applied: minecraft:worldgen/biome
[06Feb2025 14:10:54.396] [main/INFO] [net.minecraftforge.data.loading.DatagenModLoader/]: Initializing Data Gatherer for mods [travelersbackpack]
[06Feb2025 14:10:54.468] [main/WARN] [net.minecraft.server.packs.VanillaPackResourcesBuilder/]: Assets URL 'union:/D:/Modding%20Code/IntelliJ/1.21/Traveler's%20Backpack/build/fg_cache/net/minecraftforge/forge/1.21.1-52.0.37_mapped_parchment_2024.06.23-1.21/forge-1.21.1-52.0.37_mapped_parchment_2024.06.23-1.21.jar%230!/assets/.mcassetsroot' uses unexpected schema
[06Feb2025 14:10:54.469] [main/WARN] [net.minecraft.server.packs.VanillaPackResourcesBuilder/]: Assets URL 'union:/D:/Modding%20Code/IntelliJ/1.21/Traveler's%20Backpack/build/fg_cache/net/minecraftforge/forge/1.21.1-52.0.37_mapped_parchment_2024.06.23-1.21/forge-1.21.1-52.0.37_mapped_parchment_2024.06.23-1.21.jar%230!/data/.mcassetsroot' uses unexpected schema
[06Feb2025 14:10:54.666] [main/INFO] [net.minecraft.data.DataGenerator/]: Starting provider: Recipes
[06Feb2025 14:10:55.083] [main/INFO] [net.minecraft.data.DataGenerator/]: Recipes finished after 417 ms
[06Feb2025 14:10:55.084] [main/INFO] [net.minecraft.data.DataGenerator/]: Starting provider: Loot Tables
[06Feb2025 14:10:55.156] [main/INFO] [net.minecraft.data.DataGenerator/]: Loot Tables finished after 70 ms
[06Feb2025 14:10:55.156] [main/INFO] [net.minecraft.data.DataGenerator/]: All providers took: 490 ms
[06Feb2025 14:10:55.162] [main/INFO] [net.minecraft.data.HashCache/]: Caching: total files: 326, old count: 326, new count: 327, removed stale: 0, written: 0
